update,group_count,group_rewards,group_variances,nonzero_variance_group_count,nonzero_variance_group_fraction,zero_variance_group_count,zero_variance_group_fraction,all_zero_group_count,all_zero_group_fraction,all_equal_group_count,all_equal_group_fraction,zero_advantage_group_count,zero_advantage_group_fraction
1,4,"[[0.0, 0.1, 0.0, 0.2], [1.0, 0.0, 0.0, 0.0], [1.0, 1.0, 1.0, 1.0], [0.0, 0.2, 0.2, 0.2]]","[0.006875000000000001, 0.1875, 0.0, 0.007500000000000001]",3,0.75,1,0.25,0,0.0,1,0.25,1,0.25
2,4,"[[0.0, 0.2, 1.0, 0.0], [0.0, 1.0, 0.0, 0.15], [1.0, 1.0, 1.0, 1.0], [1.0, 1.0, 0.0, 1.0]]","[0.17, 0.17296875, 0.0, 0.1875]",3,0.75,1,0.25,0,0.0,1,0.25,1,0.25
3,4,"[[0.2, 1.0, 0.0, 0.2], [0.0, 0.0, 0.0, 1.0], [0.0, 0.0, 0.0, 0.0], [1.0, 1.0, 1.0, 1.0]]","[0.1475, 0.1875, 0.0, 0.0]",2,0.5,2,0.5,1,0.25,2,0.5,2,0.5
4,4,"[[0.0, 0.2, 0.2, 0.2], [1.0, 0.0, 0.2, 0.15], [0.2, 0.2, 0.15, 0.15], [1.0, 1.0, 1.0, 1.0]]","[0.007500000000000001, 0.15171875, 0.0006250000000000004, 0.0]",3,0.75,1,0.25,0,0.0,1,0.25,1,0.25
5,4,"[[1.0, 0.15, 1.0, 1.0], [1.0, 1.0, 0.1, 1.0], [0.2, 0.2, 0.2, 0.2], [0.0, 0.0, 0.2, 0.15]]","[0.13546875, 0.151875, 0.0, 0.00796875]",3,0.75,1,0.25,0,0.0,1,0.25,1,0.25
6,4,"[[0.15, 0.15, 0.0, 0.0], [0.05, 0.1, 0.0, 0.0], [0.1, 0.0, 0.1, 0.1], [0.0, 0.15, 0.0, 0.0]]","[0.005625, 0.0017187500000000002, 0.0018750000000000001, 0.004218749999999999]",4,1.0,0,0.0,0,0.0,0,0.0,0,0.0
7,4,"[[0.15, 0.0, 0.2, 0.2], [1.0, 0.15, 0.2, 0.2], [0.15, 0.0, 0.0, 0.0], [0.0, 0.0, 0.0, 1.0]]","[0.006718750000000001, 0.12546875, 0.004218749999999999, 0.1875]",4,1.0,0,0.0,0,0.0,0,0.0,0,0.0
8,4,"[[0.0, 0.0, 1.0, 0.0], [0.0, 0.0, 0.0, 0.0], [1.0, 1.0, 0.2, 1.0], [1.0, 1.0, 0.2, 0.2]]","[0.1875, 0.0, 0.12, 0.16]",3,0.75,1,0.25,1,0.25,1,0.25,1,0.25
9,4,"[[0.2, 1.0, 0.2, 1.0], [1.0, 0.1, 0.1, 0.2], [0.0, 0.2, 0.2, 0.2], [1.0, 0.2, 1.0, 0.1]]","[0.16, 0.1425, 0.007500000000000001, 0.181875]",4,1.0,0,0.0,0,0.0,0,0.0,0,0.0
10,4,"[[0.0, 0.1, 0.1, 0.0], [0.05, 0.05, 0.0, 0.0], [1.0, 1.0, 1.0, 1.0], [0.0, 0.15, 0.15, 0.0]]","[0.0025000000000000005, 0.0006250000000000001, 0.0, 0.005625]",3,0.75,1,0.25,0,0.0,1,0.25,1,0.25
11,4,"[[0.2, 0.1, 1.0, 1.0], [0.1, 1.0, 0.1, 1.0], [0.15, 1.0, 1.0, 1.0], [0.2, 0.0, 1.0, 0.0]]","[0.181875, 0.20249999999999999, 0.13546875, 0.17]",4,1.0,0,0.0,0,0.0,0,0.0,0,0.0
12,4,"[[0.1, 0.0, 1.0, 0.1], [0.2, 1.0, 0.2, 0.2], [1.0, 1.0, 1.0, 1.0], [0.2, 1.0, 0.2, 1.0]]","[0.165, 0.12, 0.0, 0.16]",3,0.75,1,0.25,0,0.0,1,0.25,1,0.25
13,4,"[[0.2, 0.0, 0.2, 0.2], [0.2, 0.2, 0.2, 0.2], [1.0, 1.0, 1.0, 0.2], [0.2, 0.2, 0.2, 0.2]]","[0.007500000000000001, 0.0, 0.12, 0.0]",2,0.5,2,0.5,0,0.0,2,0.5,2,0.5
14,4,"[[0.2, 0.2, 1.0, 1.0], [0.1, 1.0, 0.1, 0.1], [0.2, 1.0, 1.0, 0.2], [1.0, 1.0, 0.2, 1.0]]","[0.16, 0.151875, 0.16, 0.12]",4,1.0,0,0.0,0,0.0,0,0.0,0,0.0
15,4,"[[0.0, 1.0, 0.0, 0.0], [0.15, 0.2, 0.0, 0.2], [1.0, 1.0, 1.0, 1.0], [0.2, 0.0, 1.0, 0.2]]","[0.1875, 0.006718750000000001, 0.0, 0.1475]",3,0.75,1,0.25,0,0.0,1,0.25,1,0.25
16,4,"[[0.1, 0.1, 0.2, 0.1], [0.2, 1.0, 1.0, 0.2], [1.0, 1.0, 1.0, 1.0], [1.0, 0.0, 0.2, 0.15]]","[0.0018750000000000001, 0.16, 0.0, 0.15171875]",3,0.75,1,0.25,0,0.0,1,0.25,1,0.25
17,4,"[[0.2, 0.1, 0.2, 0.0], [1.0, 0.1, 1.0, 1.0], [0.1, 1.0, 1.0, 1.0], [0.2, 0.0, 0.0, 0.2]]","[0.006875000000000001, 0.151875, 0.151875, 0.010000000000000002]",4,1.0,0,0.0,0,0.0,0,0.0,0,0.0
18,4,"[[1.0, 0.1, 0.1, 0.1], [0.2, 0.2, 1.0, 0.2], [0.0, 0.2, 0.0, 0.15], [1.0, 1.0, 1.0, 0.2]]","[0.151875, 0.12, 0.00796875, 0.12]",4,1.0,0,0.0,0,0.0,0,0.0,0,0.0
19,4,"[[0.2, 1.0, 1.0, 1.0], [1.0, 0.0, 0.0, 1.0], [0.2, 0.2, 0.2, 0.2], [0.2, 1.0, 0.2, 1.0]]","[0.12, 0.25, 0.0, 0.16]",3,0.75,1,0.25,0,0.0,1,0.25,1,0.25
20,4,"[[0.2, 1.0, 0.2, 0.1], [0.2, 0.2, 0.2, 0.1], [0.2, 0.2, 0.2, 0.2], [0.0, 1.0, 1.0, 0.2]]","[0.131875, 0.0018750000000000001, 0.0, 0.2075]",3,0.75,1,0.25,0,0.0,1,0.25,1,0.25
21,4,"[[0.2, 0.0, 0.2, 0.0], [0.0, 1.0, 0.0, 0.2], [0.05, 0.1, 0.1, 0.05], [0.2, 0.15, 0.2, 0.2]]","[0.010000000000000002, 0.17, 0.0006250000000000001, 0.0004687500000000003]",4,1.0,0,0.0,0,0.0,0,0.0,0,0.0
22,4,"[[0.1, 0.0, 0.2, 1.0], [0.1, 0.1, 0.1, 0.1], [0.2, 1.0, 0.2, 1.0], [0.2, 0.2, 0.2, 0.2]]","[0.156875, 0.0, 0.16, 0.0]",2,0.5,2,0.5,0,0.0,2,0.5,2,0.5
23,4,"[[0.15, 0.2, 0.2, 1.0], [0.2, 0.2, 0.2, 0.2], [0.2, 0.2, 0.2, 0.2], [0.2, 0.2, 0.2, 0.2]]","[0.12546875, 0.0, 0.0, 0.0]",1,0.25,3,0.75,0,0.0,3,0.75,3,0.75
24,4,"[[0.1, 0.1, 0.1, 0.1], [0.2, 0.1, 0.1, 0.1], [0.2, 0.2, 1.0, 0.2], [1.0, 1.0, 1.0, 1.0]]","[0.0, 0.0018750000000000001, 0.12, 0.0]",2,0.5,2,0.5,0,0.0,2,0.5,2,0.5
25,4,"[[0.1, 1.0, 0.0, 1.0], [1.0, 1.0, 0.2, 1.0], [1.0, 0.0, 1.0, 1.0], [0.0, 0.2, 0.0, 0.0]]","[0.226875, 0.12, 0.1875, 0.007500000000000001]",4,1.0,0,0.0,0,0.0,0,0.0,0,0.0
26,4,"[[0.1, 1.0, 0.2, 0.1], [0.2, 0.1, 0.2, 0.1], [1.0, 1.0, 1.0, 0.2], [0.2, 0.2, 0.2, 0.2]]","[0.1425, 0.0025000000000000005, 0.12, 0.0]",3,0.75,1,0.25,0,0.0,1,0.25,1,0.25
27,4,"[[1.0, 1.0, 1.0, 0.15], [0.2, 0.1, 0.1, 0.1], [0.2, 1.0, 1.0, 0.2], [0.2, 0.2, 1.0, 1.0]]","[0.13546875, 0.0018750000000000001, 0.16, 0.16]",4,1.0,0,0.0,0,0.0,0,0.0,0,0.0
28,4,"[[0.1, 1.0, 0.1, 1.0], [0.1, 0.1, 0.2, 0.1], [0.2, 1.0, 0.2, 0.2], [1.0, 0.2, 0.0, 1.0]]","[0.20249999999999999, 0.0018750000000000001, 0.12, 0.2075]",4,1.0,0,0.0,0,0.0,0,0.0,0,0.0
29,4,"[[0.2, 0.2, 0.2, 0.2], [1.0, 1.0, 0.1, 0.2], [0.2, 0.2, 0.2, 0.2], [1.0, 1.0, 1.0, 1.0]]","[0.0, 0.181875, 0.0, 0.0]",1,0.25,3,0.75,0,0.0,3,0.75,3,0.75
30,4,"[[0.1, 0.2, 0.2, 0.2], [0.2, 0.2, 0.2, 1.0], [0.2, 0.2, 0.2, 0.2], [1.0, 0.2, 0.0, 0.15]]","[0.0018750000000000001, 0.12, 0.0, 0.15171875]",3,0.75,1,0.25,0,0.0,1,0.25,1,0.25
31,4,"[[0.2, 0.15, 0.0, 0.05], [0.1, 0.2, 0.1, 0.2], [1.0, 1.0, 1.0, 1.0], [0.2, 0.0, 1.0, 0.15]]","[0.00625, 0.0025000000000000005, 0.0, 0.15171875]",3,0.75,1,0.25,0,0.0,1,0.25,1,0.25
32,4,"[[0.1, 1.0, 1.0, 0.0], [0.2, 0.1, 0.2, 0.2], [1.0, 1.0, 0.0, 0.2], [1.0, 1.0, 1.0, 1.0]]","[0.226875, 0.0018750000000000001, 0.2075, 0.0]",3,0.75,1,0.25,0,0.0,1,0.25,1,0.25
33,4,"[[1.0, 1.0, 1.0, 0.1], [0.2, 0.2, 0.2, 0.2], [1.0, 1.0, 1.0, 1.0], [1.0, 1.0, 1.0, 0.2]]","[0.151875, 0.0, 0.0, 0.12]",2,0.5,2,0.5,0,0.0,2,0.5,2,0.5
34,4,"[[0.0, 0.2, 0.2, 0.2], [0.2, 0.2, 1.0, 0.2], [0.2, 0.2, 0.2, 0.1], [1.0, 1.0, 1.0, 1.0]]","[0.007500000000000001, 0.12, 0.0018750000000000001, 0.0]",3,0.75,1,0.25,0,0.0,1,0.25,1,0.25
35,4,"[[0.2, 0.2, 0.2, 1.0], [0.1, 1.0, 0.2, 0.2], [0.1, 0.1, 0.1, 0.1], [0.2, 0.2, 0.2, 0.2]]","[0.12, 0.131875, 0.0, 0.0]",2,0.5,2,0.5,0,0.0,2,0.5,2,0.5
36,4,"[[0.15, 0.2, 1.0, 0.1], [0.0, 0.1, 0.2, 0.2], [0.2, 0.1, 0.1, 0.1], [0.2, 1.0, 0.2, 1.0]]","[0.13671875, 0.006875000000000001, 0.0018750000000000001, 0.16]",4,1.0,0,0.0,0,0.0,0,0.0,0,0.0
37,4,"[[0.2, 0.2, 0.2, 1.0], [1.0, 1.0, 0.1, 1.0], [0.2, 1.0, 0.2, 0.2], [0.2, 0.2, 0.2, 0.2]]","[0.12, 0.151875, 0.12, 0.0]",3,0.75,1,0.25,0,0.0,1,0.25,1,0.25
38,4,"[[1.0, 0.2, 1.0, 1.0], [0.2, 0.2, 0.2, 0.2], [0.2, 0.2, 0.2, 0.2], [1.0, 0.2, 0.2, 0.2]]","[0.12, 0.0, 0.0, 0.12]",2,0.5,2,0.5,0,0.0,2,0.5,2,0.5
39,4,"[[0.2, 0.2, 0.2, 0.2], [0.1, 0.1, 1.0, 1.0], [1.0, 0.2, 1.0, 1.0], [0.2, 0.2, 1.0, 0.15]]","[0.0, 0.20249999999999999, 0.12, 0.12546875]",3,0.75,1,0.25,0,0.0,1,0.25,1,0.25
40,4,"[[0.2, 0.2, 0.2, 0.2], [1.0, 1.0, 1.0, 1.0], [0.2, 1.0, 0.1, 0.2], [0.15, 1.0, 1.0, 0.2]]","[0.0, 0.0, 0.131875, 0.17046875]",2,0.5,2,0.5,0,0.0,2,0.5,2,0.5
41,4,"[[0.2, 0.2, 0.2, 0.2], [0.2, 0.2, 1.0, 0.15], [0.0, 0.0, 0.2, 0.2], [0.2, 0.0, 0.15, 1.0]]","[0.0, 0.12546875, 0.010000000000000002, 0.15171875]",3,0.75,1,0.25,0,0.0,1,0.25,1,0.25
42,4,"[[0.2, 0.2, 0.2, 0.2], [0.0, 0.2, 0.2, 0.0], [0.2, 0.2, 0.2, 0.2], [0.2, 0.2, 0.2, 0.2]]","[0.0, 0.010000000000000002, 0.0, 0.0]",1,0.25,3,0.75,0,0.0,3,0.75,3,0.75
43,4,"[[0.2, 1.0, 0.1, 1.0], [0.1, 0.2, 0.1, 1.0], [0.2, 0.2, 0.2, 0.2], [0.0, 0.0, 0.0, 0.2]]","[0.181875, 0.1425, 0.0, 0.007500000000000001]",3,0.75,1,0.25,0,0.0,1,0.25,1,0.25
44,4,"[[1.0, 0.2, 0.2, 1.0], [0.2, 0.2, 0.2, 0.2], [0.2, 0.15, 0.2, 0.2], [0.2, 1.0, 0.2, 0.2]]","[0.16, 0.0, 0.0004687500000000003, 0.12]",3,0.75,1,0.25,0,0.0,1,0.25,1,0.25
45,4,"[[1.0, 1.0, 1.0, 1.0], [0.1, 0.1, 0.2, 0.2], [0.1, 0.2, 0.1, 0.1], [1.0, 0.0, 0.2, 1.0]]","[0.0, 0.0025000000000000005, 0.0018750000000000001, 0.2075]",3,0.75,1,0.25,0,0.0,1,0.25,1,0.25
46,4,"[[1.0, 1.0, 1.0, 1.0], [1.0, 1.0, 1.0, 1.0], [0.15, 0.2, 0.2, 0.2], [0.2, 0.0, 0.2, 0.2]]","[0.0, 0.0, 0.0004687500000000003, 0.007500000000000001]",2,0.5,2,0.5,0,0.0,2,0.5,2,0.5
47,4,"[[0.2, 0.2, 0.2, 1.0], [0.2, 0.2, 1.0, 0.2], [0.2, 0.2, 0.15, 0.2], [1.0, 1.0, 1.0, 0.2]]","[0.12, 0.12, 0.0004687500000000003, 0.12]",4,1.0,0,0.0,0,0.0,0,0.0,0,0.0
48,4,"[[0.2, 0.15, 0.1, 0.2], [0.1, 0.1, 0.2, 0.1], [0.2, 0.2, 1.0, 0.2], [0.2, 0.2, 1.0, 1.0]]","[0.0017187500000000002, 0.0018750000000000001, 0.12, 0.16]",4,1.0,0,0.0,0,0.0,0,0.0,0,0.0
49,4,"[[0.2, 0.2, 0.2, 0.2], [0.2, 1.0, 1.0, 0.2], [0.0, 1.0, 1.0, 0.2], [0.2, 0.2, 0.2, 0.2]]","[0.0, 0.16, 0.2075, 0.0]",2,0.5,2,0.5,0,0.0,2,0.5,2,0.5
50,4,"[[1.0, 1.0, 1.0, 0.2], [1.0, 0.2, 0.2, 0.2], [1.0, 0.0, 0.2, 0.2], [0.2, 0.2, 0.2, 0.2]]","[0.12, 0.12, 0.1475, 0.0]",3,0.75,1,0.25,0,0.0,1,0.25,1,0.25
51,4,"[[0.2, 0.1, 0.2, 1.0], [1.0, 0.2, 0.2, 1.0], [0.2, 0.1, 0.1, 0.2], [1.0, 1.0, 1.0, 0.2]]","[0.131875, 0.16, 0.0025000000000000005, 0.12]",4,1.0,0,0.0,0,0.0,0,0.0,0,0.0
52,4,"[[0.2, 0.2, 0.2, 1.0], [0.0, 1.0, 0.15, 1.0], [0.2, 0.2, 0.2, 0.2], [1.0, 0.2, 1.0, 0.2]]","[0.12, 0.21671875, 0.0, 0.16]",3,0.75,1,0.25,0,0.0,1,0.25,1,0.25
53,4,"[[0.1, 0.1, 0.1, 0.1], [0.2, 0.1, 0.1, 0.2], [0.2, 1.0, 0.0, 0.1], [0.2, 0.15, 0.15, 0.2]]","[0.0, 0.0025000000000000005, 0.156875, 0.0006250000000000004]",3,0.75,1,0.25,0,0.0,1,0.25,1,0.25
54,4,"[[1.0, 1.0, 1.0, 1.0], [1.0, 1.0, 0.15, 1.0], [0.2, 0.2, 1.0, 0.2], [1.0, 0.15, 0.2, 0.2]]","[0.0, 0.13546875, 0.12, 0.12546875]",3,0.75,1,0.25,0,0.0,1,0.25,1,0.25
55,4,"[[0.1, 0.2, 0.05, 0.1], [0.2, 0.2, 0.2, 0.2], [0.2, 0.2, 0.1, 0.2], [1.0, 0.2, 1.0, 0.15]]","[0.0029687500000000005, 0.0, 0.0018750000000000001, 0.17046875]",3,0.75,1,0.25,0,0.0,1,0.25,1,0.25
56,4,"[[0.0, 0.0, 0.2, 0.2], [0.2, 1.0, 1.0, 0.2], [0.2, 0.2, 0.2, 0.2], [0.15, 1.0, 0.2, 1.0]]","[0.010000000000000002, 0.16, 0.0, 0.17046875]",3,0.75,1,0.25,0,0.0,1,0.25,1,0.25
57,4,"[[0.2, 1.0, 0.2, 0.2], [0.15, 0.2, 0.2, 0.0], [1.0, 0.1, 1.0, 0.2], [1.0, 0.2, 0.2, 1.0]]","[0.12, 0.006718750000000001, 0.181875, 0.16]",4,1.0,0,0.0,0,0.0,0,0.0,0,0.0
58,4,"[[0.2, 0.2, 0.2, 0.2], [0.2, 0.2, 0.2, 0.0], [1.0, 0.2, 1.0, 1.0], [0.0, 0.0, 0.15, 0.2]]","[0.0, 0.007500000000000001, 0.12, 0.00796875]",3,0.75,1,0.25,0,0.0,1,0.25,1,0.25
59,4,"[[0.1, 0.1, 0.2, 0.1], [0.1, 0.2, 0.1, 0.1], [1.0, 1.0, 0.2, 1.0], [0.2, 1.0, 1.0, 1.0]]","[0.0018750000000000001, 0.0018750000000000001, 0.12, 0.12]",4,1.0,0,0.0,0,0.0,0,0.0,0,0.0
60,4,"[[0.2, 0.2, 0.1, 0.2], [0.2, 0.2, 0.2, 0.15], [0.0, 0.1, 0.1, 0.2], [0.2, 0.2, 0.2, 1.0]]","[0.0018750000000000001, 0.0004687500000000003, 0.005000000000000001, 0.12]",4,1.0,0,0.0,0,0.0,0,0.0,0,0.0
61,4,"[[0.2, 0.2, 0.2, 0.1], [0.2, 0.1, 0.0, 0.2], [1.0, 1.0, 1.0, 1.0], [0.2, 0.2, 0.15, 0.2]]","[0.0018750000000000001, 0.006875000000000001, 0.0, 0.0004687500000000003]",3,0.75,1,0.25,0,0.0,1,0.25,1,0.25
62,4,"[[0.1, 0.2, 0.2, 0.2], [0.0, 0.2, 0.2, 0.2], [0.2, 0.2, 0.2, 0.1], [0.0, 0.2, 1.0, 0.2]]","[0.0018750000000000001, 0.007500000000000001, 0.0018750000000000001, 0.1475]",4,1.0,0,0.0,0,0.0,0,0.0,0,0.0
63,4,"[[0.2, 0.1, 0.1, 0.2], [1.0, 0.2, 1.0, 1.0], [1.0, 1.0, 0.1, 1.0], [1.0, 1.0, 1.0, 1.0]]","[0.0025000000000000005, 0.12, 0.151875, 0.0]",3,0.75,1,0.25,0,0.0,1,0.25,1,0.25
64,4,"[[0.1, 0.05, 0.1, 0.2], [0.15, 1.0, 0.2, 1.0], [0.2, 0.2, 0.2, 0.2], [1.0, 1.0, 1.0, 1.0]]","[0.0029687500000000005, 0.17046875, 0.0, 0.0]",2,0.5,2,0.5,0,0.0,2,0.5,2,0.5
65,4,"[[0.2, 0.2, 1.0, 1.0], [0.2, 0.2, 0.2, 0.2], [0.2, 0.2, 0.2, 0.2], [0.2, 1.0, 0.2, 1.0]]","[0.16, 0.0, 0.0, 0.16]",2,0.5,2,0.5,0,0.0,2,0.5,2,0.5
66,4,"[[0.2, 1.0, 0.2, 0.2], [1.0, 0.2, 1.0, 0.1], [1.0, 1.0, 0.2, 0.0], [1.0, 0.2, 0.2, 0.2]]","[0.12, 0.181875, 0.2075, 0.12]",4,1.0,0,0.0,0,0.0,0,0.0,0,0.0
67,4,"[[0.2, 0.2, 0.2, 1.0], [0.2, 0.2, 1.0, 0.2], [1.0, 0.2, 0.2, 0.2], [0.1, 1.0, 0.1, 0.0]]","[0.12, 0.12, 0.12, 0.165]",4,1.0,0,0.0,0,0.0,0,0.0,0,0.0
68,4,"[[0.1, 0.1, 0.1, 0.1], [0.2, 1.0, 1.0, 1.0], [0.2, 1.0, 0.15, 1.0], [0.2, 0.2, 0.2, 0.2]]","[0.0, 0.12, 0.17046875, 0.0]",2,0.5,2,0.5,0,0.0,2,0.5,2,0.5
69,4,"[[0.2, 0.2, 0.2, 0.2], [0.2, 0.2, 0.2, 0.1], [0.2, 0.2, 1.0, 0.2], [0.2, 0.2, 0.2, 0.2]]","[0.0, 0.0018750000000000001, 0.12, 0.0]",2,0.5,2,0.5,0,0.0,2,0.5,2,0.5
70,4,"[[0.2, 0.2, 1.0, 0.2], [0.05, 0.2, 0.2, 0.2], [0.2, 0.2, 0.2, 0.2], [0.2, 0.15, 0.2, 0.2]]","[0.12, 0.00421875, 0.0, 0.0004687500000000003]",3,0.75,1,0.25,0,0.0,1,0.25,1,0.25
71,4,"[[0.2, 0.1, 0.2, 0.2], [0.2, 1.0, 0.2, 0.2], [0.2, 0.2, 0.2, 0.2], [1.0, 1.0, 0.15, 1.0]]","[0.0018750000000000001, 0.12, 0.0, 0.13546875]",3,0.75,1,0.25,0,0.0,1,0.25,1,0.25
72,4,"[[0.2, 0.2, 0.2, 0.2], [0.2, 0.2, 1.0, 1.0], [0.2, 1.0, 0.0, 0.2], [1.0, 1.0, 1.0, 1.0]]","[0.0, 0.16, 0.1475, 0.0]",2,0.5,2,0.5,0,0.0,2,0.5,2,0.5
73,4,"[[0.2, 1.0, 0.2, 1.0], [0.2, 0.2, 0.2, 0.2], [1.0, 1.0, 1.0, 1.0], [0.05, 0.1, 0.1, 0.1]]","[0.16, 0.0, 0.0, 0.00046875000000000004]",2,0.5,2,0.5,0,0.0,2,0.5,2,0.5
74,4,"[[0.2, 1.0, 0.2, 0.1], [0.2, 0.2, 1.0, 1.0], [0.2, 0.2, 0.15, 0.2], [1.0, 0.2, 1.0, 1.0]]","[0.131875, 0.16, 0.0004687500000000003, 0.12]",4,1.0,0,0.0,0,0.0,0,0.0,0,0.0
75,4,"[[0.2, 0.2, 0.2, 0.05], [0.2, 0.2, 0.2, 1.0], [0.0, 1.0, 0.15, 1.0], [0.2, 0.1, 0.0, 0.0]]","[0.00421875, 0.12, 0.21671875, 0.006875000000000001]",4,1.0,0,0.0,0,0.0,0,0.0,0,0.0
76,4,"[[0.0, 0.2, 0.2, 0.1], [0.2, 0.2, 0.2, 0.2], [0.2, 0.15, 0.2, 0.2], [0.2, 0.2, 0.2, 0.2]]","[0.006875000000000001, 0.0, 0.0004687500000000003, 0.0]",2,0.5,2,0.5,0,0.0,2,0.5,2,0.5
77,4,"[[0.2, 0.2, 0.0, 0.0], [0.2, 0.2, 0.2, 0.2], [1.0, 0.2, 0.2, 0.2], [1.0, 0.15, 1.0, 1.0]]","[0.010000000000000002, 0.0, 0.12, 0.13546875]",3,0.75,1,0.25,0,0.0,1,0.25,1,0.25
78,4,"[[0.1, 0.1, 1.0, 1.0], [0.2, 0.2, 0.2, 0.2], [1.0, 0.0, 0.15, 0.0], [0.0, 0.2, 0.0, 0.2]]","[0.20249999999999999, 0.0, 0.17296875, 0.010000000000000002]",3,0.75,1,0.25,0,0.0,1,0.25,1,0.25
79,4,"[[1.0, 0.2, 1.0, 0.2], [0.2, 1.0, 0.2, 1.0], [0.2, 0.0, 0.15, 0.2], [0.2, 0.2, 0.2, 0.2]]","[0.16, 0.16, 0.006718750000000001, 0.0]",3,0.75,1,0.25,0,0.0,1,0.25,1,0.25
80,4,"[[1.0, 0.2, 0.2, 1.0], [0.1, 0.2, 1.0, 1.0], [0.0, 0.2, 0.2, 0.2], [0.2, 0.2, 0.2, 0.2]]","[0.16, 0.181875, 0.007500000000000001, 0.0]",3,0.75,1,0.25,0,0.0,1,0.25,1,0.25
81,4,"[[0.2, 0.2, 0.2, 0.2], [0.1, 0.2, 0.1, 0.2], [0.0, 1.0, 1.0, 1.0], [0.2, 1.0, 0.2, 1.0]]","[0.0, 0.0025000000000000005, 0.1875, 0.16]",3,0.75,1,0.25,0,0.0,1,0.25,1,0.25
82,4,"[[1.0, 1.0, 0.2, 1.0], [1.0, 1.0, 1.0, 1.0], [1.0, 0.2, 0.0, 0.2], [0.0, 0.2, 0.0, 0.0]]","[0.12, 0.0, 0.1475, 0.007500000000000001]",3,0.75,1,0.25,0,0.0,1,0.25,1,0.25
83,4,"[[0.2, 0.2, 0.2, 0.2], [1.0, 0.1, 0.1, 1.0], [1.0, 0.2, 0.2, 0.2], [0.05, 0.1, 0.1, 0.05]]","[0.0, 0.20249999999999999, 0.12, 0.0006250000000000001]",3,0.75,1,0.25,0,0.0,1,0.25,1,0.25
84,4,"[[0.0, 0.2, 1.0, 0.2], [1.0, 1.0, 0.1, 1.0], [0.15, 0.2, 0.2, 1.0], [1.0, 0.2, 0.2, 0.0]]","[0.1475, 0.151875, 0.12546875, 0.1475]",4,1.0,0,0.0,0,0.0,0,0.0,0,0.0
85,4,"[[0.2, 0.1, 1.0, 1.0], [1.0, 1.0, 1.0, 1.0], [0.2, 0.2, 0.2, 0.2], [0.0, 1.0, 1.0, 1.0]]","[0.181875, 0.0, 0.0, 0.1875]",2,0.5,2,0.5,0,0.0,2,0.5,2,0.5
86,4,"[[0.2, 0.2, 0.1, 0.2], [0.1, 0.2, 0.1, 0.1], [0.0, 0.0, 0.0, 0.0], [1.0, 0.15, 0.2, 0.15]]","[0.0018750000000000001, 0.0018750000000000001, 0.0, 0.130625]",3,0.75,1,0.25,1,0.25,1,0.25,1,0.25
87,4,"[[0.2, 0.2, 0.2, 1.0], [1.0, 0.2, 0.2, 1.0], [0.2, 0.2, 1.0, 1.0], [0.15, 0.2, 0.2, 0.15]]","[0.12, 0.16, 0.16, 0.0006250000000000004]",4,1.0,0,0.0,0,0.0,0,0.0,0,0.0
88,4,"[[0.2, 0.2, 0.2, 0.2], [0.2, 1.0, 0.2, 0.2], [0.2, 0.2, 0.0, 0.2], [1.0, 0.15, 0.2, 1.0]]","[0.0, 0.12, 0.007500000000000001, 0.17046875]",3,0.75,1,0.25,0,0.0,1,0.25,1,0.25
89,4,"[[0.2, 0.2, 0.2, 0.1], [0.2, 0.2, 0.2, 0.2], [0.2, 0.2, 0.2, 0.2], [1.0, 0.2, 0.2, 1.0]]","[0.0018750000000000001, 0.0, 0.0, 0.16]",2,0.5,2,0.5,0,0.0,2,0.5,2,0.5
90,4,"[[0.1, 0.1, 0.1, 1.0], [0.2, 0.2, 0.2, 0.2], [0.2, 0.15, 0.2, 0.2], [0.2, 0.2, 1.0, 1.0]]","[0.151875, 0.0, 0.0004687500000000003, 0.16]",3,0.75,1,0.25,0,0.0,1,0.25,1,0.25
91,4,"[[1.0, 0.2, 1.0, 1.0], [0.2, 0.2, 0.2, 0.2], [0.2, 0.2, 0.0, 1.0], [1.0, 0.0, 0.2, 1.0]]","[0.12, 0.0, 0.1475, 0.2075]",3,0.75,1,0.25,0,0.0,1,0.25,1,0.25
92,4,"[[1.0, 1.0, 1.0, 1.0], [0.2, 0.2, 1.0, 0.2], [1.0, 1.0, 1.0, 1.0], [1.0, 0.2, 0.2, 0.2]]","[0.0, 0.12, 0.0, 0.12]",2,0.5,2,0.5,0,0.0,2,0.5,2,0.5
93,4,"[[0.2, 0.2, 0.15, 0.2], [1.0, 1.0, 1.0, 0.2], [1.0, 0.2, 1.0, 0.1], [1.0, 0.15, 0.2, 0.2]]","[0.0004687500000000003, 0.12, 0.181875, 0.12546875]",4,1.0,0,0.0,0,0.0,0,0.0,0,0.0
94,4,"[[0.2, 0.2, 0.2, 0.2], [1.0, 0.2, 1.0, 1.0], [1.0, 0.2, 0.2, 0.2], [1.0, 1.0, 1.0, 1.0]]","[0.0, 0.12, 0.12, 0.0]",2,0.5,2,0.5,0,0.0,2,0.5,2,0.5
95,4,"[[0.2, 0.2, 0.2, 0.2], [0.0, 0.05, 0.15, 0.1], [1.0, 0.2, 1.0, 1.0], [0.2, 1.0, 0.2, 1.0]]","[0.0, 0.0031249999999999997, 0.12, 0.16]",3,0.75,1,0.25,0,0.0,1,0.25,1,0.25
96,4,"[[0.2, 0.2, 1.0, 0.2], [0.2, 0.2, 0.2, 0.2], [0.2, 0.2, 0.15, 0.15], [0.15, 0.2, 0.2, 0.2]]","[0.12, 0.0, 0.0006250000000000004, 0.0004687500000000003]",3,0.75,1,0.25,0,0.0,1,0.25,1,0.25
97,4,"[[0.2, 0.2, 0.15, 0.2], [0.2, 0.2, 0.15, 0.0], [0.2, 0.0, 0.2, 0.2], [0.0, 0.2, 0.2, 0.2]]","[0.0004687500000000003, 0.006718750000000001, 0.007500000000000001, 0.007500000000000001]",4,1.0,0,0.0,0,0.0,0,0.0,0,0.0
98,4,"[[1.0, 0.2, 0.2, 0.2], [1.0, 1.0, 1.0, 1.0], [0.2, 0.2, 0.2, 0.2], [1.0, 1.0, 0.2, 1.0]]","[0.12, 0.0, 0.0, 0.12]",2,0.5,2,0.5,0,0.0,2,0.5,2,0.5
99,4,"[[0.1, 0.1, 0.1, 0.1], [1.0, 1.0, 1.0, 1.0], [0.0, 0.0, 0.0, 0.0], [0.2, 0.2, 0.2, 0.2]]","[0.0, 0.0, 0.0, 0.0]",0,0.0,4,1.0,1,0.25,4,1.0,4,1.0
100,4,"[[0.2, 0.2, 0.2, 0.2], [0.2, 0.2, 0.2, 0.2], [1.0, 0.2, 1.0, 0.2], [1.0, 1.0, 1.0, 0.2]]","[0.0, 0.0, 0.16, 0.12]",2,0.5,2,0.5,0,0.0,2,0.5,2,0.5
101,4,"[[0.1, 0.2, 0.2, 0.2], [0.2, 0.2, 0.2, 0.2], [1.0, 1.0, 1.0, 1.0], [0.2, 0.2, 0.2, 0.2]]","[0.0018750000000000001, 0.0, 0.0, 0.0]",1,0.25,3,0.75,0,0.0,3,0.75,3,0.75
102,4,"[[0.2, 0.2, 1.0, 0.2], [0.2, 0.2, 0.2, 0.2], [0.2, 1.0, 1.0, 0.2], [0.0, 0.2, 1.0, 0.2]]","[0.12, 0.0, 0.16, 0.1475]",3,0.75,1,0.25,0,0.0,1,0.25,1,0.25
103,4,"[[0.2, 0.2, 0.2, 0.2], [1.0, 1.0, 1.0, 1.0], [0.1, 0.1, 0.1, 0.1], [0.2, 0.2, 0.15, 1.0]]","[0.0, 0.0, 0.0, 0.12546875]",1,0.25,3,0.75,0,0.0,3,0.75,3,0.75
104,4,"[[0.2, 0.1, 0.2, 1.0], [1.0, 1.0, 0.0, 1.0], [0.0, 0.2, 0.0, 0.2], [0.0, 0.2, 0.2, 0.0]]","[0.131875, 0.1875, 0.010000000000000002, 0.010000000000000002]",4,1.0,0,0.0,0,0.0,0,0.0,0,0.0
105,4,"[[0.2, 0.2, 0.2, 0.2], [0.2, 0.1, 0.2, 0.0], [1.0, 0.0, 0.2, 1.0], [0.2, 0.2, 0.2, 0.2]]","[0.0, 0.006875000000000001, 0.2075, 0.0]",2,0.5,2,0.5,0,0.0,2,0.5,2,0.5
106,4,"[[0.0, 0.0, 0.2, 0.15], [0.2, 0.2, 0.15, 0.2], [1.0, 0.0, 1.0, 0.2], [0.0, 0.2, 0.2, 0.2]]","[0.00796875, 0.0004687500000000003, 0.2075, 0.007500000000000001]",4,1.0,0,0.0,0,0.0,0,0.0,0,0.0
107,4,"[[1.0, 1.0, 1.0, 1.0], [0.2, 0.2, 1.0, 0.2], [0.2, 0.15, 0.2, 0.2], [1.0, 0.15, 0.15, 1.0]]","[0.0, 0.12, 0.0004687500000000003, 0.180625]",3,0.75,1,0.25,0,0.0,1,0.25,1,0.25
108,4,"[[0.2, 0.2, 0.2, 0.2], [0.2, 0.2, 0.2, 0.2], [0.2, 0.2, 0.2, 0.0], [1.0, 1.0, 1.0, 1.0]]","[0.0, 0.0, 0.007500000000000001, 0.0]",1,0.25,3,0.75,0,0.0,3,0.75,3,0.75
109,4,"[[0.2, 0.2, 0.2, 1.0], [0.2, 0.2, 0.1, 0.1], [1.0, 1.0, 1.0, 1.0], [0.2, 0.0, 0.2, 0.0]]","[0.12, 0.0025000000000000005, 0.0, 0.010000000000000002]",3,0.75,1,0.25,0,0.0,1,0.25,1,0.25
110,4,"[[0.2, 0.2, 0.2, 0.2], [0.2, 0.0, 0.2, 0.0], [1.0, 1.0, 1.0, 0.2], [0.2, 0.2, 0.2, 0.2]]","[0.0, 0.010000000000000002, 0.12, 0.0]",2,0.5,2,0.5,0,0.0,2,0.5,2,0.5
111,4,"[[1.0, 0.2, 1.0, 0.2], [0.15, 0.15, 0.15, 1.0], [1.0, 1.0, 1.0, 1.0], [0.0, 1.0, 0.2, 0.2]]","[0.16, 0.13546875, 0.0, 0.1475]",3,0.75,1,0.25,0,0.0,1,0.25,1,0.25
112,4,"[[1.0, 1.0, 1.0, 1.0], [0.2, 0.2, 0.2, 0.0], [0.2, 0.2, 0.2, 0.2], [0.2, 0.15, 0.2, 0.2]]","[0.0, 0.007500000000000001, 0.0, 0.0004687500000000003]",2,0.5,2,0.5,0,0.0,2,0.5,2,0.5
113,4,"[[0.2, 0.2, 0.2, 0.15], [0.15, 0.15, 0.2, 0.15], [0.2, 0.2, 0.2, 0.2], [0.2, 0.2, 0.2, 1.0]]","[0.0004687500000000003, 0.0004687500000000003, 0.0, 0.12]",3,0.75,1,0.25,0,0.0,1,0.25,1,0.25
114,4,"[[0.2, 0.2, 0.2, 0.2], [0.2, 1.0, 1.0, 0.2], [1.0, 1.0, 1.0, 1.0], [0.2, 0.2, 0.2, 0.2]]","[0.0, 0.16, 0.0, 0.0]",1,0.25,3,0.75,0,0.0,3,0.75,3,0.75
115,4,"[[0.2, 1.0, 1.0, 0.2], [0.2, 0.0, 0.0, 0.0], [0.0, 0.0, 1.0, 1.0], [0.0, 0.2, 0.2, 0.0]]","[0.16, 0.007500000000000001, 0.25, 0.010000000000000002]",4,1.0,0,0.0,0,0.0,0,0.0,0,0.0
116,4,"[[0.2, 0.2, 0.2, 0.2], [0.1, 0.2, 0.0, 0.2], [0.2, 0.2, 0.2, 0.2], [0.0, 0.0, 0.0, 0.0]]","[0.0, 0.006875000000000001, 0.0, 0.0]",1,0.25,3,0.75,1,0.25,3,0.75,3,0.75
117,4,"[[0.2, 0.15, 0.2, 0.2], [1.0, 1.0, 1.0, 0.15], [0.2, 0.15, 0.2, 0.0], [0.2, 0.2, 0.15, 0.2]]","[0.0004687500000000003, 0.13546875, 0.006718750000000001, 0.0004687500000000003]",4,1.0,0,0.0,0,0.0,0,0.0,0,0.0
118,4,"[[0.1, 1.0, 0.1, 0.2], [1.0, 1.0, 1.0, 0.15], [0.2, 0.0, 0.2, 0.2], [0.2, 0.2, 0.2, 0.2]]","[0.1425, 0.13546875, 0.007500000000000001, 0.0]",3,0.75,1,0.25,0,0.0,1,0.25,1,0.25
119,4,"[[0.2, 0.2, 0.2, 0.2], [0.2, 0.2, 0.2, 0.2], [0.0, 1.0, 1.0, 1.0], [0.0, 0.0, 0.0, 0.2]]","[0.0, 0.0, 0.1875, 0.007500000000000001]",2,0.5,2,0.5,0,0.0,2,0.5,2,0.5
120,4,"[[0.1, 0.1, 0.1, 0.1], [0.2, 0.0, 0.2, 0.0], [0.2, 0.2, 0.2, 0.15], [0.2, 1.0, 0.2, 0.2]]","[0.0, 0.010000000000000002, 0.0004687500000000003, 0.12]",3,0.75,1,0.25,0,0.0,1,0.25,1,0.25
121,4,"[[1.0, 0.1, 0.2, 0.1], [0.2, 0.15, 0.15, 0.0], [0.2, 0.2, 0.2, 1.0], [0.2, 0.2, 0.2, 0.2]]","[0.1425, 0.005625000000000001, 0.12, 0.0]",3,0.75,1,0.25,0,0.0,1,0.25,1,0.25
122,4,"[[0.2, 0.2, 0.2, 0.2], [1.0, 0.2, 0.1, 0.2], [0.2, 0.0, 0.2, 0.0], [0.2, 1.0, 0.2, 0.2]]","[0.0, 0.131875, 0.010000000000000002, 0.12]",3,0.75,1,0.25,0,0.0,1,0.25,1,0.25
123,4,"[[0.2, 0.2, 0.2, 0.2], [0.0, 1.0, 1.0, 0.0], [0.0, 0.2, 0.2, 0.2], [0.0, 0.2, 0.0, 0.2]]","[0.0, 0.25, 0.007500000000000001, 0.010000000000000002]",3,0.75,1,0.25,0,0.0,1,0.25,1,0.25
124,4,"[[0.2, 0.0, 0.2, 0.2], [0.2, 0.2, 0.2, 0.2], [1.0, 1.0, 1.0, 1.0], [1.0, 1.0, 1.0, 1.0]]","[0.007500000000000001, 0.0, 0.0, 0.0]",1,0.25,3,0.75,0,0.0,3,0.75,3,0.75
125,4,"[[0.2, 0.2, 0.2, 0.2], [0.2, 1.0, 1.0, 0.15], [0.0, 0.0, 0.0, 0.0], [0.2, 0.2, 0.15, 0.2]]","[0.0, 0.17046875, 0.0, 0.0004687500000000003]",2,0.5,2,0.5,1,0.25,2,0.5,2,0.5
126,4,"[[0.2, 0.2, 0.2, 0.2], [0.2, 0.0, 0.0, 0.0], [0.2, 0.2, 0.2, 1.0], [0.05, 0.1, 0.0, 0.05]]","[0.0, 0.007500000000000001, 0.12, 0.0012500000000000002]",3,0.75,1,0.25,0,0.0,1,0.25,1,0.25
127,4,"[[0.2, 0.0, 0.2, 0.2], [1.0, 1.0, 0.2, 1.0], [1.0, 1.0, 0.2, 0.2], [1.0, 0.2, 1.0, 0.2]]","[0.007500000000000001, 0.12, 0.16, 0.16]",4,1.0,0,0.0,0,0.0,0,0.0,0,0.0
128,4,"[[0.0, 0.2, 0.2, 0.2], [0.2, 0.0, 0.0, 0.0], [0.2, 0.2, 0.2, 1.0], [1.0, 1.0, 1.0, 1.0]]","[0.007500000000000001, 0.007500000000000001, 0.12, 0.0]",3,0.75,1,0.25,0,0.0,1,0.25,1,0.25
