update,optimizer_step,global_step,microsteps,cumulative_completions,generated_tokens,cumulative_generated_tokens,reward_mean,reward_std,reward_variance,canonical_pass_rate,format_accuracy,valid_answer_rate,parseable_rate,loss,total_loss,entropy,entropy_raw_metric_key,grad_norm,grad_norm_available,learning_rate,kl,kl_available,kl_unavailable_reason,ratio_mean,ratio_available,ratio_reason,ratio_variance,ratio_variance_available,ratio_variance_reason,clip_fraction,clip_fraction_available,clip_fraction_raw_key,completion_length_mean,eos_rate,truncation_rate,completion_duplicate_rate,unique_completion_rate,zero_advantage_group_count,zero_advantage_fraction
1,1,1,4,16,1331,1331,0.36875,0.4326065620168053,0.1871484375,0.3125,0.625,0.5625,0.5625,-0.0306,-0.0306,0.29409221559762955,entropy,0.554767906665802,True,1e-05,,False,GRPO beta=0.0; reference-model KL is not computed,,False,reviewed TRL 0.24.0 per-update log row did not expose this metric,,False,reviewed TRL 0.24.0 per-update log row did not expose this metric,0.0,True,clip_ratio/region_mean,83.1875,1.0,0.0,0.0,1.0,1,0.25
2,2,2,8,32,1044,2375,0.584375,0.4742489951228152,0.224912109375,0.5625,0.625,0.6875,0.625,-0.1859,-0.1859,0.19868578389286995,entropy,0.7505707740783691,True,9.921875e-06,,False,GRPO beta=0.0; reference-model KL is not computed,,False,reviewed TRL 0.24.0 per-update log row did not expose this metric,,False,reviewed TRL 0.24.0 per-update log row did not expose this metric,0.0,True,clip_ratio/region_mean,65.25,1.0,0.0,0.0,1.0,1,0.25
3,3,3,12,48,1138,3513,0.4,0.469041575982343,0.22,0.375,0.5,0.5,0.5,-0.0194,-0.0194,0.23288490250706673,entropy,0.4804767966270447,True,9.84375e-06,,False,GRPO beta=0.0; reference-model KL is not computed,,False,reviewed TRL 0.24.0 per-update log row did not expose this metric,,False,reviewed TRL 0.24.0 per-update log row did not expose this metric,0.0,True,clip_ratio/region_mean,71.125,1.0,0.0,0.0,1.0,2,0.5
4,4,4,16,64,1522,5035,0.415625,0.3987162015456608,0.158974609375,0.3125,0.6875,0.875,0.6875,0.0169,0.0169,0.2567790113389492,entropy,0.4521779716014862,True,9.765625e-06,,False,GRPO beta=0.0; reference-model KL is not computed,,False,reviewed TRL 0.24.0 per-update log row did not expose this metric,,False,reviewed TRL 0.24.0 per-update log row did not expose this metric,0.0,True,clip_ratio/region_mean,95.125,1.0,0.0,0.0,1.0,1,0.25
5,5,5,20,80,1393,6428,0.4625,0.42075081699267086,0.17703125,0.375,0.75,0.8125,0.6875,-0.053,-0.053,0.22524310648441315,entropy,0.4000642001628876,True,9.6875e-06,,False,GRPO beta=0.0; reference-model KL is not computed,,False,reviewed TRL 0.24.0 per-update log row did not expose this metric,,False,reviewed TRL 0.24.0 per-update log row did not expose this metric,0.0,True,clip_ratio/region_mean,87.0625,1.0,0.0,0.0,1.0,1,0.25
6,6,6,24,96,1155,7583,0.05625,0.06091746465505602,0.0037109375,0.0,0.25,0.1875,0.0,-0.0099,-0.0099,0.296884261071682,entropy,0.758707582950592,True,9.609375000000001e-06,,False,GRPO beta=0.0; reference-model KL is not computed,,False,reviewed TRL 0.24.0 per-update log row did not expose this metric,,False,reviewed TRL 0.24.0 per-update log row did not expose this metric,0.0,True,clip_ratio/region_mean,72.1875,1.0,0.0,0.0,1.0,0,0.0
7,7,7,28,112,1516,9099,0.203125,0.3129840001901056,0.097958984375,0.125,0.375,0.5625,0.375,-0.0114,-0.0114,0.24560227617621422,entropy,0.3696078062057495,True,9.531250000000001e-06,,False,GRPO beta=0.0; reference-model KL is not computed,,False,reviewed TRL 0.24.0 per-update log row did not expose this metric,,False,reviewed TRL 0.24.0 per-update log row did not expose this metric,0.0,True,clip_ratio/region_mean,94.75,1.0,0.0,0.0,1.0,0,0.0
8,8,8,32,128,1086,10185,0.4125,0.46080771477916904,0.21234375,0.375,0.5625,0.5625,0.5625,-0.1498,-0.1498,0.2051602154970169,entropy,0.4489578604698181,True,9.453125000000001e-06,,False,GRPO beta=0.0; reference-model KL is not computed,,False,reviewed TRL 0.24.0 per-update log row did not expose this metric,,False,reviewed TRL 0.24.0 per-update log row did not expose this metric,0.0,True,clip_ratio/region_mean,67.875,1.0,0.0,0.0,1.0,1,0.25
9,9,9,36,144,1891,12076,0.41875,0.39563043045246155,0.1565234375,0.3125,0.9375,0.75,0.75,-0.0314,-0.0314,0.19781078770756721,entropy,0.34451791644096375,True,9.375000000000001e-06,,False,GRPO beta=0.0; reference-model KL is not computed,,False,reviewed TRL 0.24.0 per-update log row did not expose this metric,,False,reviewed TRL 0.24.0 per-update log row did not expose this metric,0.0,True,clip_ratio/region_mean,118.1875,1.0,0.0,0.0,1.0,0,0.0
10,10,10,40,160,1428,13504,0.2875,0.4143896113562694,0.17171875,0.25,0.375,0.375,0.25,-0.0236,-0.0236,0.2164556384086609,entropy,0.9722384810447693,True,9.296875e-06,,False,GRPO beta=0.0; reference-model KL is not computed,,False,reviewed TRL 0.24.0 per-update log row did not expose this metric,,False,reviewed TRL 0.24.0 per-update log row did not expose this metric,0.0,True,clip_ratio/region_mean,89.25,0.9375,0.0625,0.0,1.0,1,0.25
11,11,11,44,176,1478,14982,0.553125,0.449815500372097,0.202333984375,0.5,0.8125,0.6875,0.625,0.0829,0.0829,0.21482611447572708,entropy,0.3913656771183014,True,9.21875e-06,,False,GRPO beta=0.0; reference-model KL is not computed,,False,reviewed TRL 0.24.0 per-update log row did not expose this metric,,False,reviewed TRL 0.24.0 per-update log row did not expose this metric,0.0,True,clip_ratio/region_mean,92.375,0.9375,0.0625,0.0,1.0,0,0.0
12,12,12,48,192,1203,16185,0.575,0.42793106921559226,0.183125,0.5,0.9375,0.8125,0.8125,0.0455,0.0455,0.18606438860297203,entropy,0.4817214012145996,True,9.140625e-06,,False,GRPO beta=0.0; reference-model KL is not computed,,False,reviewed TRL 0.24.0 per-update log row did not expose this metric,,False,reviewed TRL 0.24.0 per-update log row did not expose this metric,0.0,True,clip_ratio/region_mean,75.1875,1.0,0.0,0.0,1.0,1,0.25
13,13,13,52,208,1800,17985,0.3375,0.3218598297395933,0.10359375,0.1875,0.9375,0.9375,0.9375,-0.063,-0.063,0.24411465600132942,entropy,0.29812556505203247,True,9.0625e-06,,False,GRPO beta=0.0; reference-model KL is not computed,,False,reviewed TRL 0.24.0 per-update log row did not expose this metric,,False,reviewed TRL 0.24.0 per-update log row did not expose this metric,0.0,True,clip_ratio/region_mean,112.5,1.0,0.0,0.0,1.0,2,0.5
14,14,14,56,224,2013,19998,0.58125,0.42014692370645773,0.1765234375,0.5,1.0,0.8125,0.8125,0.0961,0.0961,0.21018819138407707,entropy,0.31849417090415955,True,8.984375000000002e-06,,False,GRPO beta=0.0; reference-model KL is not computed,,False,reviewed TRL 0.24.0 per-update log row did not expose this metric,,False,reviewed TRL 0.24.0 per-update log row did not expose this metric,0.0,True,clip_ratio/region_mean,125.8125,1.0,0.0,0.0,1.0,0,0.0
15,15,15,60,240,2012,22010,0.434375,0.44466235434878,0.197724609375,0.375,0.625,0.6875,0.625,-0.053,-0.053,0.264470923691988,entropy,0.5100387334823608,True,8.906250000000001e-06,,False,GRPO beta=0.0; reference-model KL is not computed,,False,reviewed TRL 0.24.0 per-update log row did not expose this metric,,False,reviewed TRL 0.24.0 per-update log row did not expose this metric,0.0,True,clip_ratio/region_mean,125.75,0.9375,0.0625,0.0,1.0,1,0.25
16,16,16,64,256,1157,23167,0.515625,0.4300140804380712,0.184912109375,0.4375,0.875,0.75,0.6875,0.013,0.013,0.26861583441495895,entropy,0.5758445262908936,True,8.828125000000001e-06,,False,GRPO beta=0.0; reference-model KL is not computed,,False,reviewed TRL 0.24.0 per-update log row did not expose this metric,,False,reviewed TRL 0.24.0 per-update log row did not expose this metric,0.0,True,clip_ratio/region_mean,72.3125,1.0,0.0,0.0,1.0,1,0.25
17,17,17,68,272,1789,24956,0.44375,0.4358450842902785,0.1899609375,0.375,0.8125,0.625,0.625,0.0113,0.0113,0.24109353125095367,entropy,0.5183473229408264,True,8.750000000000001e-06,,False,GRPO beta=0.0; reference-model KL is not computed,,False,reviewed TRL 0.24.0 per-update log row did not expose this metric,,False,reviewed TRL 0.24.0 per-update log row did not expose this metric,0.0,True,clip_ratio/region_mean,111.8125,1.0,0.0,0.0,1.0,0,0.0
18,18,18,72,288,1665,26621,0.403125,0.4071504443998557,0.165771484375,0.3125,0.8125,0.6875,0.625,-0.0194,-0.0194,0.20467669144272804,entropy,0.3414919674396515,True,8.671875e-06,,False,GRPO beta=0.0; reference-model KL is not computed,,False,reviewed TRL 0.24.0 per-update log row did not expose this metric,,False,reviewed TRL 0.24.0 per-update log row did not expose this metric,0.0,True,clip_ratio/region_mean,104.0625,1.0,0.0,0.0,1.0,0,0.0
19,19,19,76,304,1265,27886,0.525,0.4235268586524354,0.179375,0.4375,0.875,0.875,0.875,-0.1122,-0.1122,0.22146041318774223,entropy,1.941465139389038,True,8.59375e-06,,False,GRPO beta=0.0; reference-model KL is not computed,,False,reviewed TRL 0.24.0 per-update log row did not expose this metric,,False,reviewed TRL 0.24.0 per-update log row did not expose this metric,0.0,True,clip_ratio/region_mean,79.0625,1.0,0.0,0.0,1.0,1,0.25
20,20,20,80,320,1512,29398,0.325,0.3288236609491476,0.108125,0.1875,0.9375,0.8125,0.8125,0.0822,0.0822,0.31887631863355637,entropy,0.37743327021598816,True,8.515625e-06,,False,GRPO beta=0.0; reference-model KL is not computed,,False,reviewed TRL 0.24.0 per-update log row did not expose this metric,,False,reviewed TRL 0.24.0 per-update log row did not expose this metric,0.0,True,clip_ratio/region_mean,94.5,1.0,0.0,0.0,1.0,1,0.25
21,21,21,84,336,1564,30962,0.165625,0.2302978709736588,0.053037109375,0.0625,0.5625,0.5,0.4375,0.0713,0.0713,0.2797674424946308,entropy,0.4581066071987152,True,8.4375e-06,,False,GRPO beta=0.0; reference-model KL is not computed,,False,reviewed TRL 0.24.0 per-update log row did not expose this metric,,False,reviewed TRL 0.24.0 per-update log row did not expose this metric,0.0,True,clip_ratio/region_mean,97.75,0.9375,0.0625,0.0,1.0,0,0.0
22,22,22,88,352,1460,32422,0.30625,0.3381359748680995,0.1143359375,0.1875,0.9375,0.625,0.625,0.0073,0.0073,0.22585102915763855,entropy,0.4500589668750763,True,8.359375e-06,,False,GRPO beta=0.0; reference-model KL is not computed,,False,reviewed TRL 0.24.0 per-update log row did not expose this metric,,False,reviewed TRL 0.24.0 per-update log row did not expose this metric,0.0,True,clip_ratio/region_mean,91.25,1.0,0.0,0.0,1.0,2,0.5
23,23,23,92,368,1414,33836,0.246875,0.19483065563457924,0.037958984375,0.0625,0.9375,1.0,0.9375,0.0091,0.0091,0.2580060176551342,entropy,0.27172115445137024,True,8.281250000000001e-06,,False,GRPO beta=0.0; reference-model KL is not computed,,False,reviewed TRL 0.24.0 per-update log row did not expose this metric,,False,reviewed TRL 0.24.0 per-update log row did not expose this metric,0.0,True,clip_ratio/region_mean,88.375,1.0,0.0,0.0,1.0,3,0.75
24,24,24,96,384,1361,35197,0.40625,0.4022883760438524,0.1618359375,0.3125,1.0,0.5625,0.5625,-0.0031,-0.0031,0.296293668448925,entropy,0.34619125723838806,True,8.203125000000001e-06,,False,GRPO beta=0.0; reference-model KL is not computed,,False,reviewed TRL 0.24.0 per-update log row did not expose this metric,,False,reviewed TRL 0.24.0 per-update log row did not expose this metric,0.0,True,clip_ratio/region_mean,85.0625,1.0,0.0,0.0,1.0,2,0.5
25,25,25,100,400,1782,36979,0.53125,0.4726504390138657,0.2233984375,0.5,0.6875,0.625,0.625,0.2233,0.2233,0.22270473837852478,entropy,0.9506562352180481,True,8.125000000000001e-06,,False,GRPO beta=0.0; reference-model KL is not computed,,False,reviewed TRL 0.24.0 per-update log row did not expose this metric,,False,reviewed TRL 0.24.0 per-update log row did not expose this metric,0.0,True,clip_ratio/region_mean,111.375,0.8125,0.1875,0.0,1.0,0,0.0
26,26,26,104,416,1243,38222,0.375,0.36314597615834876,0.131875,0.25,1.0,0.75,0.75,0.0176,0.0176,0.24172842502593994,entropy,0.4032679796218872,True,8.046875e-06,,False,GRPO beta=0.0; reference-model KL is not computed,,False,reviewed TRL 0.24.0 per-update log row did not expose this metric,,False,reviewed TRL 0.24.0 per-update log row did not expose this metric,0.0,True,clip_ratio/region_mean,77.6875,1.0,0.0,0.0,1.0,1,0.25
27,27,27,108,432,1651,39873,0.528125,0.4175706339950165,0.17436523437499998,0.4375,0.9375,0.8125,0.75,-0.0529,-0.0529,0.1904408112168312,entropy,0.7886598110198975,True,7.96875e-06,,False,GRPO beta=0.0; reference-model KL is not computed,,False,reviewed TRL 0.24.0 per-update log row did not expose this metric,,False,reviewed TRL 0.24.0 per-update log row did not expose this metric,0.0,True,clip_ratio/region_mean,103.1875,1.0,0.0,0.0,1.0,0,0.0
28,28,28,112,448,1651,41524,0.40625,0.4038389994787527,0.1630859375,0.3125,0.9375,0.625,0.625,0.0686,0.0686,0.20823680236935616,entropy,0.5921005606651306,True,7.890625e-06,,False,GRPO beta=0.0; reference-model KL is not computed,,False,reviewed TRL 0.24.0 per-update log row did not expose this metric,,False,reviewed TRL 0.24.0 per-update log row did not expose this metric,0.0,True,clip_ratio/region_mean,103.1875,1.0,0.0,0.0,1.0,0,0.0
29,29,29,116,464,1030,42554,0.49375,0.392856128245443,0.1543359375,0.375,1.0,0.9375,0.9375,0.0368,0.0368,0.2173185795545578,entropy,0.1983916312456131,True,7.8125e-06,,False,GRPO beta=0.0; reference-model KL is not computed,,False,reviewed TRL 0.24.0 per-update log row did not expose this metric,,False,reviewed TRL 0.24.0 per-update log row did not expose this metric,0.0,True,clip_ratio/region_mean,64.375,1.0,0.0,0.0,1.0,3,0.75
30,30,30,120,480,1721,44275,0.278125,0.2778088090305993,0.077177734375,0.125,0.875,0.875,0.8125,0.0404,0.0404,0.3249472379684448,entropy,0.30194002389907837,True,7.734375e-06,,False,GRPO beta=0.0; reference-model KL is not computed,,False,reviewed TRL 0.24.0 per-update log row did not expose this metric,,False,reviewed TRL 0.24.0 per-update log row did not expose this metric,0.0,True,clip_ratio/region_mean,107.5625,0.9375,0.0625,0.0,1.0,1,0.25
31,31,31,124,496,1995,46270,0.396875,0.411350196760619,0.169208984375,0.3125,0.6875,0.6875,0.5625,-0.0098,-0.0098,0.2490617297589779,entropy,0.4113802909851074,True,7.656250000000001e-06,,False,GRPO beta=0.0; reference-model KL is not computed,,False,reviewed TRL 0.24.0 per-update log row did not expose this metric,,False,reviewed TRL 0.24.0 per-update log row did not expose this metric,0.0,True,clip_ratio/region_mean,124.6875,0.9375,0.0625,0.0,1.0,1,0.25
32,32,32,128,512,1204,47474,0.5625,0.4414110895752394,0.19484375,0.5,0.875,0.75,0.75,-0.0598,-0.0598,0.19423721730709076,entropy,0.5628700852394104,True,7.578125e-06,,False,GRPO beta=0.0; reference-model KL is not computed,,False,reviewed TRL 0.24.0 per-update log row did not expose this metric,,False,reviewed TRL 0.24.0 per-update log row did not expose this metric,0.0,True,clip_ratio/region_mean,75.25,1.0,0.0,0.0,1.0,1,0.25
33,33,33,132,528,1459,48933,0.69375,0.3960251728110222,0.1568359375,0.625,1.0,0.9375,0.9375,-0.0826,-0.0826,0.21279235556721687,entropy,0.3175784647464752,True,7.500000000000001e-06,,False,GRPO beta=0.0; reference-model KL is not computed,,False,reviewed TRL 0.24.0 per-update log row did not expose this metric,,False,reviewed TRL 0.24.0 per-update log row did not expose this metric,0.0,True,clip_ratio/region_mean,91.1875,1.0,0.0,0.0625,0.9375,2,0.5
34,34,34,136,544,1745,50678,0.43125,0.3868442031360946,0.1496484375,0.3125,0.9375,0.875,0.875,0.0942,0.0942,0.28159303218126297,entropy,0.5353806018829346,True,7.421875000000001e-06,,False,GRPO beta=0.0; reference-model KL is not computed,,False,reviewed TRL 0.24.0 per-update log row did not expose this metric,,False,reviewed TRL 0.24.0 per-update log row did not expose this metric,0.0,True,clip_ratio/region_mean,109.0625,0.9375,0.0625,0.0,1.0,1,0.25
35,35,35,140,560,1240,51918,0.26875,0.27999720980752646,0.0783984375,0.125,1.0,0.6875,0.6875,-0.0413,-0.0413,0.2878202125430107,entropy,0.313664972782135,True,7.343750000000001e-06,,False,GRPO beta=0.0; reference-model KL is not computed,,False,reviewed TRL 0.24.0 per-update log row did not expose this metric,,False,reviewed TRL 0.24.0 per-update log row did not expose this metric,0.0,True,clip_ratio/region_mean,77.5,1.0,0.0,0.0,1.0,2,0.5
36,36,36,144,576,1438,53356,0.303125,0.33933240985057705,0.115146484375,0.1875,0.875,0.625,0.5625,0.2173,0.2173,0.23748578131198883,entropy,0.4804995656013489,True,7.265625e-06,,False,GRPO beta=0.0; reference-model KL is not computed,,False,reviewed TRL 0.24.0 per-update log row did not expose this metric,,False,reviewed TRL 0.24.0 per-update log row did not expose this metric,0.0,True,clip_ratio/region_mean,89.875,0.9375,0.0625,0.0,1.0,0,0.0
37,37,37,148,592,1547,54903,0.44375000000000003,0.37578043788893534,0.1412109375,0.3125,1.0,0.9375,0.9375,0.0006,0.0006,0.28317439928650856,entropy,0.640881359577179,True,7.1875e-06,,False,GRPO beta=0.0; reference-model KL is not computed,,False,reviewed TRL 0.24.0 per-update log row did not expose this metric,,False,reviewed TRL 0.24.0 per-update log row did not expose this metric,0.0,True,clip_ratio/region_mean,96.6875,1.0,0.0,0.0,1.0,1,0.25
38,38,38,152,608,1463,56366,0.4,0.34641016151377546,0.12,0.25,1.0,1.0,1.0,-0.0099,-0.0099,0.392560638487339,entropy,0.26153603196144104,True,7.109375000000001e-06,,False,GRPO beta=0.0; reference-model KL is not computed,,False,reviewed TRL 0.24.0 per-update log row did not expose this metric,,False,reviewed TRL 0.24.0 per-update log row did not expose this metric,0.0,True,clip_ratio/region_mean,91.4375,1.0,0.0,0.0,1.0,2,0.5
39,39,39,156,624,1297,57663,0.484375,0.4006708242123452,0.160537109375,0.375,0.9375,0.875,0.8125,0.0284,0.0284,0.20470285788178444,entropy,0.3592274785041809,True,7.031250000000001e-06,,False,GRPO beta=0.0; reference-model KL is not computed,,False,reviewed TRL 0.24.0 per-update log row did not expose this metric,,False,reviewed TRL 0.24.0 per-update log row did not expose this metric,0.0,True,clip_ratio/region_mean,81.0625,1.0,0.0,0.0,1.0,1,0.25
40,40,40,160,640,1851,59514,0.540625,0.40590129265007274,0.164755859375,0.4375,0.9375,0.9375,0.875,-0.0525,-0.0525,0.22288965061306953,entropy,0.47232192754745483,True,6.9531250000000004e-06,,False,GRPO beta=0.0; reference-model KL is not computed,,False,reviewed TRL 0.24.0 per-update log row did not expose this metric,,False,reviewed TRL 0.24.0 per-update log row did not expose this metric,0.0,True,clip_ratio/region_mean,115.6875,1.0,0.0,0.0,1.0,2,0.5
41,41,41,164,656,1395,60909,0.25625,0.29094404530768453,0.08464843749999999,0.125,0.6875,0.8125,0.6875,-0.0726,-0.0726,0.20794735476374626,entropy,0.5821899175643921,True,6.875e-06,,False,GRPO beta=0.0; reference-model KL is not computed,,False,reviewed TRL 0.24.0 per-update log row did not expose this metric,,False,reviewed TRL 0.24.0 per-update log row did not expose this metric,0.0,True,clip_ratio/region_mean,87.1875,1.0,0.0,0.0,1.0,1,0.25
42,42,42,168,672,1363,62272,0.17500000000000002,0.06614378277661477,0.004375,0.0,0.875,0.875,0.875,-0.0343,-0.0343,0.37579669058322906,entropy,0.2824208736419678,True,6.796875000000001e-06,,False,GRPO beta=0.0; reference-model KL is not computed,,False,reviewed TRL 0.24.0 per-update log row did not expose this metric,,False,reviewed TRL 0.24.0 per-update log row did not expose this metric,0.0,True,clip_ratio/region_mean,85.1875,1.0,0.0,0.0,1.0,3,0.75
43,43,43,172,688,1713,63985,0.29375,0.3472548595772275,0.1205859375,0.1875,0.8125,0.625,0.625,0.0045,0.0045,0.22791526839137077,entropy,0.3674306571483612,True,6.718750000000001e-06,,False,GRPO beta=0.0; reference-model KL is not computed,,False,reviewed TRL 0.24.0 per-update log row did not expose this metric,,False,reviewed TRL 0.24.0 per-update log row did not expose this metric,0.0,True,clip_ratio/region_mean,107.0625,0.9375,0.0625,0.0,1.0,1,0.25
44,44,44,176,704,1379,65364,0.346875,0.31398086625620997,0.098583984375,0.1875,0.9375,1.0,0.9375,0.1237,0.1237,0.22049932926893234,entropy,0.6244385242462158,True,6.6406250000000005e-06,,False,GRPO beta=0.0; reference-model KL is not computed,,False,reviewed TRL 0.24.0 per-update log row did not expose this metric,,False,reviewed TRL 0.24.0 per-update log row did not expose this metric,0.0,True,clip_ratio/region_mean,86.1875,1.0,0.0,0.0,1.0,1,0.25
45,45,45,180,720,1363,66727,0.45625,0.42421803061633295,0.1799609375,0.375,0.9375,0.625,0.625,0.1415,0.1415,0.2069571316242218,entropy,0.4734440743923187,True,6.5625e-06,,False,GRPO beta=0.0; reference-model KL is not computed,,False,reviewed TRL 0.24.0 per-update log row did not expose this metric,,False,reviewed TRL 0.24.0 per-update log row did not expose this metric,0.0,True,clip_ratio/region_mean,85.1875,0.9375,0.0625,0.0,1.0,1,0.25
46,46,46,184,736,1930,68657,0.584375,0.41822495068443727,0.17491210937499999,0.5,0.875,0.9375,0.875,-0.0137,-0.0137,0.1966773122549057,entropy,0.27152207493782043,True,6.484375000000001e-06,,False,GRPO beta=0.0; reference-model KL is not computed,,False,reviewed TRL 0.24.0 per-update log row did not expose this metric,,False,reviewed TRL 0.24.0 per-update log row did not expose this metric,0.0,True,clip_ratio/region_mean,120.625,1.0,0.0,0.0,1.0,2,0.5
47,47,47,188,752,1667,70324,0.446875,0.3731072022555984,0.13920898437499998,0.3125,0.9375,1.0,0.9375,-0.0591,-0.0591,0.2583414912223816,entropy,0.4390542805194855,True,6.406250000000001e-06,,False,GRPO beta=0.0; reference-model KL is not computed,,False,reviewed TRL 0.24.0 per-update log row did not expose this metric,,False,reviewed TRL 0.24.0 per-update log row did not expose this metric,0.0,True,clip_ratio/region_mean,104.1875,1.0,0.0,0.0,1.0,0,0.0
48,48,48,192,768,1569,71893,0.321875,0.328333267237726,0.107802734375,0.1875,0.9375,0.75,0.6875,0.0589,0.0589,0.2339884489774704,entropy,0.5014429092407227,True,6.3281250000000005e-06,,False,GRPO beta=0.0; reference-model KL is not computed,,False,reviewed TRL 0.24.0 per-update log row did not expose this metric,,False,reviewed TRL 0.24.0 per-update log row did not expose this metric,0.0,True,clip_ratio/region_mean,98.0625,1.0,0.0,0.0,1.0,0,0.0
49,49,49,196,784,1695,73588,0.3875,0.35685256059050496,0.12734375,0.25,0.9375,0.9375,0.9375,-0.0623,-0.0623,0.17989560216665268,entropy,0.22252947092056274,True,6.25e-06,,False,GRPO beta=0.0; reference-model KL is not computed,,False,reviewed TRL 0.24.0 per-update log row did not expose this metric,,False,reviewed TRL 0.24.0 per-update log row did not expose this metric,0.0,True,clip_ratio/region_mean,105.9375,1.0,0.0,0.0,1.0,2,0.5
50,50,50,200,800,1719,75307,0.4375,0.38222212128551636,0.14609375,0.3125,0.9375,0.9375,0.9375,-0.0346,-0.0346,0.272942952811718,entropy,0.5000235438346863,True,6.171875e-06,,False,GRPO beta=0.0; reference-model KL is not computed,,False,reviewed TRL 0.24.0 per-update log row did not expose this metric,,False,reviewed TRL 0.24.0 per-update log row did not expose this metric,0.0,True,clip_ratio/region_mean,107.4375,1.0,0.0,0.0,1.0,1,0.25
51,51,51,204,816,1629,76936,0.48125,0.40345190233781275,0.1627734375,0.375,1.0,0.8125,0.8125,-0.1099,-0.1099,0.26142818108201027,entropy,0.37876319885253906,True,6.093750000000001e-06,,False,GRPO beta=0.0; reference-model KL is not computed,,False,reviewed TRL 0.24.0 per-update log row did not expose this metric,,False,reviewed TRL 0.24.0 per-update log row did not expose this metric,0.0,True,clip_ratio/region_mean,101.8125,1.0,0.0,0.0,1.0,0,0.0
52,52,52,208,832,1469,78405,0.434375,0.3843495926562171,0.147724609375,0.3125,0.875,0.9375,0.875,-0.0235,-0.0235,0.18738365173339844,entropy,0.5830751657485962,True,6.0156250000000005e-06,,False,GRPO beta=0.0; reference-model KL is not computed,,False,reviewed TRL 0.24.0 per-update log row did not expose this metric,,False,reviewed TRL 0.24.0 per-update log row did not expose this metric,0.0,True,clip_ratio/region_mean,91.8125,1.0,0.0,0.0,1.0,1,0.25
53,53,53,212,848,1848,80253,0.1875,0.21686689466121842,0.04703125,0.0625,0.8125,0.5,0.375,-0.0073,-0.0073,0.28960825875401497,entropy,0.36786800622940063,True,5.9375e-06,,False,GRPO beta=0.0; reference-model KL is not computed,,False,reviewed TRL 0.24.0 per-update log row did not expose this metric,,False,reviewed TRL 0.24.0 per-update log row did not expose this metric,0.0,True,clip_ratio/region_mean,115.5,1.0,0.0,0.0,1.0,1,0.25
54,54,54,216,864,1603,81856,0.64375,0.40422572592550315,0.1633984375,0.5625,0.875,1.0,0.875,-0.1233,-0.1233,0.23979292064905167,entropy,0.46014344692230225,True,5.859375e-06,,False,GRPO beta=0.0; reference-model KL is not computed,,False,reviewed TRL 0.24.0 per-update log row did not expose this metric,,False,reviewed TRL 0.24.0 per-update log row did not expose this metric,0.0,True,clip_ratio/region_mean,100.1875,1.0,0.0,0.0,1.0,1,0.25
55,55,55,220,880,1451,83307,0.26875,0.28055469609329303,0.0787109375,0.125,0.875,0.75,0.6875,0.0211,0.0211,0.3215271905064583,entropy,0.39438074827194214,True,5.781250000000001e-06,,False,GRPO beta=0.0; reference-model KL is not computed,,False,reviewed TRL 0.24.0 per-update log row did not expose this metric,,False,reviewed TRL 0.24.0 per-update log row did not expose this metric,0.0,True,clip_ratio/region_mean,90.6875,1.0,0.0,0.0,1.0,1,0.25
56,56,56,224,896,1699,85006,0.371875,0.36825973765129416,0.135615234375,0.25,0.8125,0.875,0.8125,-0.0896,-0.0896,0.24981620907783508,entropy,0.29278022050857544,True,5.7031250000000006e-06,,False,GRPO beta=0.0; reference-model KL is not computed,,False,reviewed TRL 0.24.0 per-update log row did not expose this metric,,False,reviewed TRL 0.24.0 per-update log row did not expose this metric,0.0,True,clip_ratio/region_mean,106.1875,1.0,0.0,0.0,1.0,1,0.25
57,57,57,228,912,1864,86870,0.428125,0.38889617428691686,0.151240234375,0.3125,0.875,0.875,0.8125,0.0289,0.0289,0.18415652588009834,entropy,0.3337988555431366,True,5.625e-06,,False,GRPO beta=0.0; reference-model KL is not computed,,False,reviewed TRL 0.24.0 per-update log row did not expose this metric,,False,reviewed TRL 0.24.0 per-update log row did not expose this metric,0.0,True,clip_ratio/region_mean,116.5,1.0,0.0,0.0,1.0,0,0.0
58,58,58,232,928,1675,88545,0.309375,0.3401372654899783,0.115693359375,0.1875,0.75,0.8125,0.75,-0.0456,-0.0456,0.2100479118525982,entropy,0.4019881784915924,True,5.546875e-06,,False,GRPO beta=0.0; reference-model KL is not computed,,False,reviewed TRL 0.24.0 per-update log row did not expose this metric,,False,reviewed TRL 0.24.0 per-update log row did not expose this metric,0.0,True,clip_ratio/region_mean,104.6875,1.0,0.0,0.0,1.0,1,0.25
59,59,59,236,944,2039,90584,0.4625,0.41814321709194324,0.17484375,0.375,1.0,0.625,0.625,-0.0214,-0.0214,0.27452364563941956,entropy,0.47675183415412903,True,5.468750000000001e-06,,False,GRPO beta=0.0; reference-model KL is not computed,,False,reviewed TRL 0.24.0 per-update log row did not expose this metric,,False,reviewed TRL 0.24.0 per-update log row did not expose this metric,0.0,True,clip_ratio/region_mean,127.4375,0.9375,0.0625,0.0,1.0,0,0.0
60,60,60,240,960,1931,92515,0.215625,0.21044502696666414,0.044287109375,0.0625,0.875,0.75,0.6875,-0.0271,-0.0271,0.3066123053431511,entropy,0.35055938363075256,True,5.390625000000001e-06,,False,GRPO beta=0.0; reference-model KL is not computed,,False,reviewed TRL 0.24.0 per-update log row did not expose this metric,,False,reviewed TRL 0.24.0 per-update log row did not expose this metric,0.0,True,clip_ratio/region_mean,120.6875,1.0,0.0,0.0,1.0,0,0.0
61,61,61,244,976,1613,94128,0.371875,0.36655863702141844,0.134365234375,0.25,0.875,0.8125,0.75,-0.0617,-0.0617,0.34097548574209213,entropy,0.36047616600990295,True,5.3125e-06,,False,GRPO beta=0.0; reference-model KL is not computed,,False,reviewed TRL 0.24.0 per-update log row did not expose this metric,,False,reviewed TRL 0.24.0 per-update log row did not expose this metric,0.0,True,clip_ratio/region_mean,100.8125,1.0,0.0,0.0,1.0,1,0.25
62,62,62,248,992,2119,96247,0.21250000000000002,0.21469455046647085,0.04609375,0.0625,0.875,0.75,0.75,0.0329,0.0329,0.26990877464413643,entropy,0.5284481048583984,True,5.234375e-06,,False,GRPO beta=0.0; reference-model KL is not computed,,False,reviewed TRL 0.24.0 per-update log row did not expose this metric,,False,reviewed TRL 0.24.0 per-update log row did not expose this metric,0.0,True,clip_ratio/region_mean,132.4375,0.9375,0.0625,0.0,1.0,0,0.0
63,63,63,252,1008,1646,97893,0.68125,0.4126420210061016,0.17027343749999999,0.625,1.0,0.8125,0.8125,-0.0759,-0.0759,0.27047041803598404,entropy,0.6958747506141663,True,5.156250000000001e-06,,False,GRPO beta=0.0; reference-model KL is not computed,,False,reviewed TRL 0.24.0 per-update log row did not expose this metric,,False,reviewed TRL 0.24.0 per-update log row did not expose this metric,0.0,True,clip_ratio/region_mean,102.875,1.0,0.0,0.0,1.0,1,0.25
64,64,64,256,1024,1526,99419,0.475,0.4088856808449031,0.1671875,0.375,0.875,0.8125,0.75,0.0027,0.0027,0.23050980269908905,entropy,0.3790893852710724,True,5.078125000000001e-06,,False,GRPO beta=0.0; reference-model KL is not computed,,False,reviewed TRL 0.24.0 per-update log row did not expose this metric,,False,reviewed TRL 0.24.0 per-update log row did not expose this metric,0.0,True,clip_ratio/region_mean,95.375,1.0,0.0,0.0,1.0,2,0.5
65,65,65,260,1040,1617,101036,0.4,0.34641016151377546,0.12,0.25,1.0,1.0,1.0,-0.0155,-0.0155,0.23473487421870232,entropy,0.30072692036628723,True,5e-06,,False,GRPO beta=0.0; reference-model KL is not computed,,False,reviewed TRL 0.24.0 per-update log row did not expose this metric,,False,reviewed TRL 0.24.0 per-update log row did not expose this metric,0.0,True,clip_ratio/region_mean,101.0625,1.0,0.0,0.0,1.0,2,0.5
66,66,66,264,1056,2246,103282,0.48125,0.40499807098306034,0.1640234375,0.375,0.9375,0.875,0.875,0.1015,0.1015,0.23387080803513527,entropy,0.3048989772796631,True,4.921875e-06,,False,GRPO beta=0.0; reference-model KL is not computed,,False,reviewed TRL 0.24.0 per-update log row did not expose this metric,,False,reviewed TRL 0.24.0 per-update log row did not expose this metric,0.0,True,clip_ratio/region_mean,140.375,0.9375,0.0625,0.0,1.0,0,0.0
67,67,67,268,1072,1845,105127,0.375,0.3648629879831606,0.133125,0.25,0.9375,0.8125,0.8125,0.0352,0.0352,0.24467359855771065,entropy,0.34220829606056213,True,4.84375e-06,,False,GRPO beta=0.0; reference-model KL is not computed,,False,reviewed TRL 0.24.0 per-update log row did not expose this metric,,False,reviewed TRL 0.24.0 per-update log row did not expose this metric,0.0,True,clip_ratio/region_mean,115.3125,1.0,0.0,0.0,1.0,0,0.0
68,68,68,272,1088,1785,106912,0.421875,0.3916985248568087,0.15342773437499999,0.3125,0.9375,0.75,0.6875,-0.0889,-0.0889,0.3106907084584236,entropy,0.46831342577934265,True,4.765625000000001e-06,,False,GRPO beta=0.0; reference-model KL is not computed,,False,reviewed TRL 0.24.0 per-update log row did not expose this metric,,False,reviewed TRL 0.24.0 per-update log row did not expose this metric,0.0,True,clip_ratio/region_mean,111.5625,1.0,0.0,0.0,1.0,2,0.5
69,69,69,276,1104,1716,108628,0.24375000000000002,0.19675095298371492,0.0387109375,0.0625,1.0,0.9375,0.9375,-0.0283,-0.0283,0.35422810167074203,entropy,0.3441306948661804,True,4.6875000000000004e-06,,False,GRPO beta=0.0; reference-model KL is not computed,,False,reviewed TRL 0.24.0 per-update log row did not expose this metric,,False,reviewed TRL 0.24.0 per-update log row did not expose this metric,0.0,True,clip_ratio/region_mean,107.25,1.0,0.0,0.0,1.0,2,0.5
70,70,70,280,1120,1996,110624,0.23750000000000002,0.20039024427351745,0.04015625,0.0625,0.875,0.9375,0.875,-0.025,-0.025,0.3167544826865196,entropy,0.4138532876968384,True,4.609375e-06,,False,GRPO beta=0.0; reference-model KL is not computed,,False,reviewed TRL 0.24.0 per-update log row did not expose this metric,,False,reviewed TRL 0.24.0 per-update log row did not expose this metric,0.0,True,clip_ratio/region_mean,124.75,1.0,0.0,0.0,1.0,1,0.25
71,71,71,284,1136,1496,112120,0.390625,0.35276530353054847,0.12444335937499999,0.25,0.9375,0.9375,0.875,-0.1049,-0.1049,0.3000185787677765,entropy,0.48121196031570435,True,4.53125e-06,,False,GRPO beta=0.0; reference-model KL is not computed,,False,reviewed TRL 0.24.0 per-update log row did not expose this metric,,False,reviewed TRL 0.24.0 per-update log row did not expose this metric,0.0,True,clip_ratio/region_mean,93.5,1.0,0.0,0.0,1.0,1,0.25
72,72,72,288,1152,1938,114058,0.5375,0.41060169264142105,0.16859375,0.4375,0.9375,0.9375,0.9375,0.0109,0.0109,0.26508546993136406,entropy,0.8680167198181152,True,4.453125000000001e-06,,False,GRPO beta=0.0; reference-model KL is not computed,,False,reviewed TRL 0.24.0 per-update log row did not expose this metric,,False,reviewed TRL 0.24.0 per-update log row did not expose this metric,0.0,True,clip_ratio/region_mean,121.125,0.9375,0.0625,0.0,1.0,2,0.5
73,73,73,292,1168,1885,115943,0.471875,0.4115400762683994,0.169365234375,0.375,0.9375,0.75,0.75,0.0454,0.0454,0.27881645783782005,entropy,0.22025585174560547,True,4.3750000000000005e-06,,False,GRPO beta=0.0; reference-model KL is not computed,,False,reviewed TRL 0.24.0 per-update log row did not expose this metric,,False,reviewed TRL 0.24.0 per-update log row did not expose this metric,0.0,True,clip_ratio/region_mean,117.8125,1.0,0.0,0.0,1.0,2,0.5
74,74,74,296,1184,1623,117566,0.490625,0.39537116659539046,0.156318359375,0.375,0.9375,0.9375,0.875,-0.0497,-0.0497,0.2624053955078125,entropy,0.444820761680603,True,4.296875e-06,,False,GRPO beta=0.0; reference-model KL is not computed,,False,reviewed TRL 0.24.0 per-update log row did not expose this metric,,False,reviewed TRL 0.24.0 per-update log row did not expose this metric,0.0,True,clip_ratio/region_mean,101.4375,1.0,0.0,0.0,1.0,0,0.0
75,75,75,300,1200,2502,120068,0.29375,0.3477045261425281,0.1208984375,0.1875,0.6875,0.6875,0.625,0.043,0.043,0.22561942413449287,entropy,0.3608604073524475,True,4.21875e-06,,False,GRPO beta=0.0; reference-model KL is not computed,,False,reviewed TRL 0.24.0 per-update log row did not expose this metric,,False,reviewed TRL 0.24.0 per-update log row did not expose this metric,0.0,True,clip_ratio/region_mean,156.375,0.875,0.125,0.0,1.0,0,0.0
76,76,76,304,1216,1405,121473,0.178125,0.05294085733155443,0.0028027343750000005,0.0,0.875,0.875,0.8125,0.1009,0.1009,0.30445440486073494,entropy,0.517540454864502,True,4.140625000000001e-06,,False,GRPO beta=0.0; reference-model KL is not computed,,False,reviewed TRL 0.24.0 per-update log row did not expose this metric,,False,reviewed TRL 0.24.0 per-update log row did not expose this metric,0.0,True,clip_ratio/region_mean,87.8125,1.0,0.0,0.0,1.0,2,0.5
77,77,77,308,1232,1677,123150,0.371875,0.36825973765129416,0.135615234375,0.25,0.8125,0.875,0.8125,0.0162,0.0162,0.41379301249980927,entropy,0.4049232602119446,True,4.0625000000000005e-06,,False,GRPO beta=0.0; reference-model KL is not computed,,False,reviewed TRL 0.24.0 per-update log row did not expose this metric,,False,reviewed TRL 0.24.0 per-update log row did not expose this metric,0.0,True,clip_ratio/region_mean,104.8125,1.0,0.0,0.0,1.0,1,0.25
78,78,78,312,1248,2968,126118,0.284375,0.3525437694457243,0.124287109375,0.1875,0.6875,0.625,0.5625,0.0467,0.0467,0.19856664910912514,entropy,0.1761629581451416,True,3.984375e-06,,False,GRPO beta=0.0; reference-model KL is not computed,,False,reviewed TRL 0.24.0 per-update log row did not expose this metric,,False,reviewed TRL 0.24.0 per-update log row did not expose this metric,0.0,True,clip_ratio/region_mean,185.5,0.75,0.25,0.0,1.0,1,0.25
79,79,79,316,1264,1937,128055,0.384375,0.3586950088515311,0.128662109375,0.25,0.875,0.9375,0.875,0.1087,0.1087,0.27174223586916924,entropy,0.6272891759872437,True,3.90625e-06,,False,GRPO beta=0.0; reference-model KL is not computed,,False,reviewed TRL 0.24.0 per-update log row did not expose this metric,,False,reviewed TRL 0.24.0 per-update log row did not expose this metric,0.0,True,clip_ratio/region_mean,121.0625,0.9375,0.0625,0.0,1.0,1,0.25
80,80,80,320,1280,2382,130437,0.38125000000000003,0.36093411794952274,0.1302734375,0.25,0.9375,0.875,0.875,0.0127,0.0127,0.33328868448734283,entropy,0.19533845782279968,True,3.828125000000001e-06,,False,GRPO beta=0.0; reference-model KL is not computed,,False,reviewed TRL 0.24.0 per-update log row did not expose this metric,,False,reviewed TRL 0.24.0 per-update log row did not expose this metric,0.0,True,clip_ratio/region_mean,148.875,1.0,0.0,0.0,1.0,1,0.25
81,81,81,324,1296,2089,132526,0.425,0.3913118960624632,0.15312499999999998,0.3125,0.9375,0.8125,0.8125,-0.0266,-0.0266,0.24964284896850586,entropy,0.31117871403694153,True,3.7500000000000005e-06,,False,GRPO beta=0.0; reference-model KL is not computed,,False,reviewed TRL 0.24.0 per-update log row did not expose this metric,,False,reviewed TRL 0.24.0 per-update log row did not expose this metric,0.0,True,clip_ratio/region_mean,130.5625,1.0,0.0,0.0,1.0,1,0.25
82,82,82,328,1312,2065,134591,0.55,0.45552167895721496,0.2075,0.5,0.75,0.75,0.75,-0.0499,-0.0499,0.2215266041457653,entropy,0.5017189979553223,True,3.6718750000000003e-06,,False,GRPO beta=0.0; reference-model KL is not computed,,False,reviewed TRL 0.24.0 per-update log row did not expose this metric,,False,reviewed TRL 0.24.0 per-update log row did not expose this metric,0.0,True,clip_ratio/region_mean,129.0625,0.8125,0.1875,0.0,1.0,1,0.25
83,83,83,332,1328,1671,136262,0.30625,0.3376735664810025,0.1140234375,0.1875,0.875,0.625,0.625,0.0488,0.0488,0.26055749878287315,entropy,0.6529285907745361,True,3.59375e-06,,False,GRPO beta=0.0; reference-model KL is not computed,,False,reviewed TRL 0.24.0 per-update log row did not expose this metric,,False,reviewed TRL 0.24.0 per-update log row did not expose this metric,0.0,True,clip_ratio/region_mean,104.4375,1.0,0.0,0.0,1.0,1,0.25
84,84,84,336,1344,1954,138216,0.465625,0.4185983867324383,0.175224609375,0.375,0.8125,0.8125,0.75,-0.0561,-0.0561,0.2463107667863369,entropy,0.3415220081806183,True,3.5156250000000003e-06,,False,GRPO beta=0.0; reference-model KL is not computed,,False,reviewed TRL 0.24.0 per-update log row did not expose this metric,,False,reviewed TRL 0.24.0 per-update log row did not expose this metric,0.0,True,clip_ratio/region_mean,122.125,0.9375,0.0625,0.0,1.0,0,0.0
85,85,85,340,1360,1328,139544,0.63125,0.4208900539333283,0.1771484375,0.5625,0.9375,0.875,0.875,-0.003,-0.003,0.29409314319491386,entropy,0.3328205347061157,True,3.4375e-06,,False,GRPO beta=0.0; reference-model KL is not computed,,False,reviewed TRL 0.24.0 per-update log row did not expose this metric,,False,reviewed TRL 0.24.0 per-update log row did not expose this metric,0.0,True,clip_ratio/region_mean,83.0,1.0,0.0,0.0625,0.9375,2,0.5
86,86,86,344,1376,2259,141803,0.16875,0.2276750700010873,0.0518359375,0.0625,0.625,0.5,0.375,-0.0045,-0.0045,0.20050222799181938,entropy,0.21135041117668152,True,3.3593750000000003e-06,,False,GRPO beta=0.0; reference-model KL is not computed,,False,reviewed TRL 0.24.0 per-update log row did not expose this metric,,False,reviewed TRL 0.24.0 per-update log row did not expose this metric,0.0,True,clip_ratio/region_mean,141.1875,0.75,0.25,0.0,1.0,1,0.25
87,87,87,348,1392,2031,143834,0.44375,0.37536440627741996,0.1408984375,0.3125,0.875,1.0,0.875,0.0968,0.0968,0.3181358128786087,entropy,0.8129844069480896,True,3.28125e-06,,False,GRPO beta=0.0; reference-model KL is not computed,,False,reviewed TRL 0.24.0 per-update log row did not expose this metric,,False,reviewed TRL 0.24.0 per-update log row did not expose this metric,0.0,True,clip_ratio/region_mean,126.9375,1.0,0.0,0.0,1.0,0,0.0
88,88,88,352,1408,1878,145712,0.33437500000000003,0.3234186286765189,0.104599609375,0.1875,0.875,0.9375,0.875,0.1464,0.1464,0.2723730392754078,entropy,0.2883155345916748,True,3.2031250000000004e-06,,False,GRPO beta=0.0; reference-model KL is not computed,,False,reviewed TRL 0.24.0 per-update log row did not expose this metric,,False,reviewed TRL 0.24.0 per-update log row did not expose this metric,0.0,True,clip_ratio/region_mean,117.375,0.9375,0.0625,0.0,1.0,1,0.25
89,89,89,356,1424,1571,147283,0.29375,0.2680222705298946,0.0718359375,0.125,1.0,0.9375,0.9375,-0.0377,-0.0377,0.3627079799771309,entropy,0.22773361206054688,True,3.125e-06,,False,GRPO beta=0.0; reference-model KL is not computed,,False,reviewed TRL 0.24.0 per-update log row did not expose this metric,,False,reviewed TRL 0.24.0 per-update log row did not expose this metric,0.0,True,clip_ratio/region_mean,98.1875,1.0,0.0,0.0,1.0,2,0.5
90,90,90,360,1440,1902,149185,0.328125,0.3249849756142582,0.10561523437499999,0.1875,0.9375,0.8125,0.75,0.0003,0.0003,0.28061680123209953,entropy,0.47576355934143066,True,3.0468750000000004e-06,,False,GRPO beta=0.0; reference-model KL is not computed,,False,reviewed TRL 0.24.0 per-update log row did not expose this metric,,False,reviewed TRL 0.24.0 per-update log row did not expose this metric,0.0,True,clip_ratio/region_mean,118.875,1.0,0.0,0.0,1.0,1,0.25
91,91,91,364,1456,2583,151768,0.475,0.4115519408288582,0.169375,0.375,0.875,0.875,0.875,0.0279,0.0279,0.24075349606573582,entropy,0.1939600110054016,True,2.96875e-06,,False,GRPO beta=0.0; reference-model KL is not computed,,False,reviewed TRL 0.24.0 per-update log row did not expose this metric,,False,reviewed TRL 0.24.0 per-update log row did not expose this metric,0.0,True,clip_ratio/region_mean,161.4375,0.875,0.125,0.0,1.0,1,0.25
92,92,92,368,1472,1378,153146,0.7,0.3872983346207417,0.15,0.625,1.0,1.0,1.0,-0.0715,-0.0715,0.22220533341169357,entropy,0.2934321463108063,True,2.8906250000000004e-06,,False,GRPO beta=0.0; reference-model KL is not computed,,False,reviewed TRL 0.24.0 per-update log row did not expose this metric,,False,reviewed TRL 0.24.0 per-update log row did not expose this metric,0.0,True,clip_ratio/region_mean,86.125,1.0,0.0,0.0,1.0,2,0.5
93,93,93,372,1488,1599,154745,0.4875,0.3978457615709887,0.15828124999999998,0.375,0.875,0.9375,0.8125,-0.0255,-0.0255,0.28583498299121857,entropy,0.4085101783275604,True,2.8125e-06,,False,GRPO beta=0.0; reference-model KL is not computed,,False,reviewed TRL 0.24.0 per-update log row did not expose this metric,,False,reviewed TRL 0.24.0 per-update log row did not expose this metric,0.0,True,clip_ratio/region_mean,99.9375,1.0,0.0,0.0,1.0,0,0.0
94,94,94,376,1504,2334,157079,0.6,0.4,0.16,0.5,1.0,1.0,1.0,-0.0373,-0.0373,0.2534809522330761,entropy,0.17434599995613098,True,2.7343750000000004e-06,,False,GRPO beta=0.0; reference-model KL is not computed,,False,reviewed TRL 0.24.0 per-update log row did not expose this metric,,False,reviewed TRL 0.24.0 per-update log row did not expose this metric,0.0,True,clip_ratio/region_mean,145.875,1.0,0.0,0.0,1.0,2,0.5
95,95,95,380,1520,1885,158964,0.41875,0.3960251728110222,0.1568359375,0.3125,0.8125,0.8125,0.75,-0.0117,-0.0117,0.33045193552970886,entropy,0.6437795758247375,True,2.65625e-06,,False,GRPO beta=0.0; reference-model KL is not computed,,False,reviewed TRL 0.24.0 per-update log row did not expose this metric,,False,reviewed TRL 0.24.0 per-update log row did not expose this metric,0.0,True,clip_ratio/region_mean,117.8125,1.0,0.0,0.0,1.0,1,0.25
96,96,96,384,1536,2165,161129,0.240625,0.19702375332685143,0.038818359375,0.0625,0.8125,1.0,0.8125,0.0842,0.0842,0.31450532749295235,entropy,0.4798722565174103,True,2.5781250000000004e-06,,False,GRPO beta=0.0; reference-model KL is not computed,,False,reviewed TRL 0.24.0 per-update log row did not expose this metric,,False,reviewed TRL 0.24.0 per-update log row did not expose this metric,0.0,True,clip_ratio/region_mean,135.3125,1.0,0.0,0.0,1.0,1,0.25
97,97,97,388,1552,2564,163693,0.15625,0.07680128579652817,0.005898437500000001,0.0,0.6875,0.8125,0.6875,0.1674,0.1674,0.2679210938513279,entropy,0.29768437147140503,True,2.5e-06,,False,GRPO beta=0.0; reference-model KL is not computed,,False,reviewed TRL 0.24.0 per-update log row did not expose this metric,,False,reviewed TRL 0.24.0 per-update log row did not expose this metric,0.0,True,clip_ratio/region_mean,160.25,0.875,0.125,0.0,1.0,0,0.0
98,98,98,392,1568,2310,166003,0.6,0.4,0.16,0.5,1.0,1.0,1.0,0.0457,0.0457,0.22650554776191711,entropy,0.342896968126297,True,2.421875e-06,,False,GRPO beta=0.0; reference-model KL is not computed,,False,reviewed TRL 0.24.0 per-update log row did not expose this metric,,False,reviewed TRL 0.24.0 per-update log row did not expose this metric,0.0,True,clip_ratio/region_mean,144.375,1.0,0.0,0.0,1.0,2,0.5
99,99,99,396,1584,1814,167817,0.325,0.3960744879438715,0.156875,0.25,0.75,0.5,0.5,0.0,0.0,0.3372238129377365,entropy,0.0,True,2.3437500000000002e-06,,False,GRPO beta=0.0; reference-model KL is not computed,,False,reviewed TRL 0.24.0 per-update log row did not expose this metric,,False,reviewed TRL 0.24.0 per-update log row did not expose this metric,0.0,True,clip_ratio/region_mean,113.375,0.8125,0.1875,0.125,0.875,4,1.0
100,100,100,400,1600,1768,169585,0.45,0.37080992435478316,0.13749999999999998,0.3125,1.0,1.0,1.0,-0.0567,-0.0567,0.20170621946454048,entropy,0.2312018871307373,True,2.265625e-06,,False,GRPO beta=0.0; reference-model KL is not computed,,False,reviewed TRL 0.24.0 per-update log row did not expose this metric,,False,reviewed TRL 0.24.0 per-update log row did not expose this metric,0.0,True,clip_ratio/region_mean,110.5,1.0,0.0,0.0,1.0,2,0.5
101,101,101,404,1616,1567,171152,0.39375,0.3508360550171547,0.12308593749999999,0.25,1.0,0.9375,0.9375,-0.0252,-0.0252,0.3169578127563,entropy,0.35094818472862244,True,2.1875000000000002e-06,,False,GRPO beta=0.0; reference-model KL is not computed,,False,reviewed TRL 0.24.0 per-update log row did not expose this metric,,False,reviewed TRL 0.24.0 per-update log row did not expose this metric,0.0,True,clip_ratio/region_mean,97.9375,1.0,0.0,0.0,1.0,3,0.75
102,102,102,408,1632,2015,173167,0.3875,0.35685256059050496,0.12734375,0.25,0.9375,0.9375,0.9375,-0.0067,-0.0067,0.2206115536391735,entropy,0.22275671362876892,True,2.109375e-06,,False,GRPO beta=0.0; reference-model KL is not computed,,False,reviewed TRL 0.24.0 per-update log row did not expose this metric,,False,reviewed TRL 0.24.0 per-update log row did not expose this metric,0.0,True,clip_ratio/region_mean,125.9375,0.9375,0.0625,0.0,1.0,1,0.25
103,103,103,412,1648,1517,174684,0.421875,0.3916985248568087,0.15342773437499999,0.3125,0.9375,0.75,0.6875,0.0071,0.0071,0.2843809425830841,entropy,0.3003801107406616,True,2.0312500000000002e-06,,False,GRPO beta=0.0; reference-model KL is not computed,,False,reviewed TRL 0.24.0 per-update log row did not expose this metric,,False,reviewed TRL 0.24.0 per-update log row did not expose this metric,0.0,True,clip_ratio/region_mean,94.8125,1.0,0.0,0.0,1.0,3,0.75
104,104,104,416,1664,2672,177356,0.33125,0.39483976180217717,0.1558984375,0.25,0.6875,0.625,0.625,0.0706,0.0706,0.37607990205287933,entropy,0.32444244623184204,True,1.953125e-06,,False,GRPO beta=0.0; reference-model KL is not computed,,False,reviewed TRL 0.24.0 per-update log row did not expose this metric,,False,reviewed TRL 0.24.0 per-update log row did not expose this metric,0.0,True,clip_ratio/region_mean,167.0,0.8125,0.1875,0.0,1.0,0,0.0
105,105,105,420,1680,2142,179498,0.26875,0.28442650632456884,0.0808984375,0.125,0.875,0.8125,0.8125,0.0225,0.0225,0.30628552287817,entropy,0.1913978010416031,True,1.8750000000000003e-06,,False,GRPO beta=0.0; reference-model KL is not computed,,False,reviewed TRL 0.24.0 per-update log row did not expose this metric,,False,reviewed TRL 0.24.0 per-update log row did not expose this metric,0.0,True,clip_ratio/region_mean,133.875,1.0,0.0,0.0,1.0,2,0.5
106,106,106,424,1696,2519,182017,0.24375,0.2973187473066574,0.0883984375,0.125,0.625,0.75,0.625,-0.0769,-0.0769,0.3433532118797302,entropy,0.3634565770626068,True,1.796875e-06,,False,GRPO beta=0.0; reference-model KL is not computed,,False,reviewed TRL 0.24.0 per-update log row did not expose this metric,,False,reviewed TRL 0.24.0 per-update log row did not expose this metric,0.0,True,clip_ratio/region_mean,157.4375,0.9375,0.0625,0.0,1.0,0,0.0
107,107,107,428,1712,1484,183501,0.540625,0.4055161641352907,0.164443359375,0.4375,0.8125,1.0,0.8125,0.0364,0.0364,0.19080011174082756,entropy,0.5154862999916077,True,1.71875e-06,,False,GRPO beta=0.0; reference-model KL is not computed,,False,reviewed TRL 0.24.0 per-update log row did not expose this metric,,False,reviewed TRL 0.24.0 per-update log row did not expose this metric,0.0,True,clip_ratio/region_mean,92.75,1.0,0.0,0.0,1.0,1,0.25
108,108,108,432,1728,2027,185528,0.3875,0.35685256059050496,0.12734375,0.25,0.9375,0.9375,0.9375,0.1062,0.1062,0.2433135248720646,entropy,0.15601512789726257,True,1.640625e-06,,False,GRPO beta=0.0; reference-model KL is not computed,,False,reviewed TRL 0.24.0 per-update log row did not expose this metric,,False,reviewed TRL 0.24.0 per-update log row did not expose this metric,0.0,True,clip_ratio/region_mean,126.6875,0.9375,0.0625,0.0,1.0,3,0.75
109,109,109,436,1744,2356,187884,0.4125,0.4013648589500581,0.16109375,0.3125,0.875,0.75,0.75,-0.0007,-0.0007,0.2538064382970333,entropy,0.3189072608947754,True,1.5625e-06,,False,GRPO beta=0.0; reference-model KL is not computed,,False,reviewed TRL 0.24.0 per-update log row did not expose this metric,,False,reviewed TRL 0.24.0 per-update log row did not expose this metric,0.0,True,clip_ratio/region_mean,147.25,1.0,0.0,0.0,1.0,1,0.25
110,110,110,440,1760,2533,190417,0.325,0.33071891388307384,0.109375,0.1875,0.875,0.875,0.875,0.1066,0.1066,0.2914782017469406,entropy,0.2993500232696533,True,1.484375e-06,,False,GRPO beta=0.0; reference-model KL is not computed,,False,reviewed TRL 0.24.0 per-update log row did not expose this metric,,False,reviewed TRL 0.24.0 per-update log row did not expose this metric,0.0,True,clip_ratio/region_mean,158.3125,0.9375,0.0625,0.0,1.0,2,0.5
111,111,111,444,1776,1968,192385,0.578125,0.42425255965639147,0.179990234375,0.5,0.75,0.9375,0.75,0.1107,0.1107,0.23594314604997635,entropy,0.3151032626628876,True,1.40625e-06,,False,GRPO beta=0.0; reference-model KL is not computed,,False,reviewed TRL 0.24.0 per-update log row did not expose this metric,,False,reviewed TRL 0.24.0 per-update log row did not expose this metric,0.0,True,clip_ratio/region_mean,123.0,0.9375,0.0625,0.0,1.0,1,0.25
112,112,112,448,1792,1807,194192,0.384375,0.3586950088515311,0.128662109375,0.25,0.875,0.9375,0.875,0.1119,0.1119,0.2648782357573509,entropy,0.3622986376285553,True,1.328125e-06,,False,GRPO beta=0.0; reference-model KL is not computed,,False,reviewed TRL 0.24.0 per-update log row did not expose this metric,,False,reviewed TRL 0.24.0 per-update log row did not expose this metric,0.0,True,clip_ratio/region_mean,112.9375,0.9375,0.0625,0.0,1.0,2,0.5
113,113,113,452,1808,1629,195821,0.23750000000000002,0.19803724397193576,0.03921875,0.0625,0.75,1.0,0.75,-0.0192,-0.0192,0.31027863547205925,entropy,0.37824881076812744,True,1.25e-06,,False,GRPO beta=0.0; reference-model KL is not computed,,False,reviewed TRL 0.24.0 per-update log row did not expose this metric,,False,reviewed TRL 0.24.0 per-update log row did not expose this metric,0.0,True,clip_ratio/region_mean,101.8125,1.0,0.0,0.0,1.0,1,0.25
114,114,114,456,1824,1714,197535,0.5,0.3872983346207417,0.15,0.375,1.0,1.0,1.0,-0.0202,-0.0202,0.24857012555003166,entropy,0.17655403912067413,True,1.1718750000000001e-06,,False,GRPO beta=0.0; reference-model KL is not computed,,False,reviewed TRL 0.24.0 per-update log row did not expose this metric,,False,reviewed TRL 0.24.0 per-update log row did not expose this metric,0.0,True,clip_ratio/region_mean,107.125,1.0,0.0,0.0,1.0,3,0.75
115,115,115,460,1840,3050,200585,0.3125,0.4060095442227929,0.16484375,0.25,0.5625,0.5625,0.5625,0.1679,0.1679,0.2281988449394703,entropy,0.19811628758907318,True,1.0937500000000001e-06,,False,GRPO beta=0.0; reference-model KL is not computed,,False,reviewed TRL 0.24.0 per-update log row did not expose this metric,,False,reviewed TRL 0.24.0 per-update log row did not expose this metric,0.0,True,clip_ratio/region_mean,190.625,0.5625,0.4375,0.0,1.0,0,0.0
116,116,116,464,1856,2790,203375,0.13125,0.09164298936634488,0.008398437500000001,0.0,0.6875,0.625,0.625,0.0467,0.0467,0.3414747789502144,entropy,0.1502670794725418,True,1.0156250000000001e-06,,False,GRPO beta=0.0; reference-model KL is not computed,,False,reviewed TRL 0.24.0 per-update log row did not expose this metric,,False,reviewed TRL 0.24.0 per-update log row did not expose this metric,0.0,True,clip_ratio/region_mean,174.375,0.6875,0.3125,0.0,1.0,3,0.75
117,117,117,468,1872,1933,205308,0.325,0.32787192621510003,0.1075,0.1875,0.6875,0.9375,0.6875,0.0693,0.0693,0.3097760081291199,entropy,0.32555288076400757,True,9.375000000000001e-07,,False,GRPO beta=0.0; reference-model KL is not computed,,False,reviewed TRL 0.24.0 per-update log row did not expose this metric,,False,reviewed TRL 0.24.0 per-update log row did not expose this metric,0.0,True,clip_ratio/region_mean,120.8125,0.9375,0.0625,0.0,1.0,0,0.0
118,118,118,472,1888,2049,207357,0.371875,0.36655863702141844,0.134365234375,0.25,0.875,0.8125,0.75,0.0192,0.0192,0.3439307361841202,entropy,0.3653619587421417,True,8.59375e-07,,False,GRPO beta=0.0; reference-model KL is not computed,,False,reviewed TRL 0.24.0 per-update log row did not expose this metric,,False,reviewed TRL 0.24.0 per-update log row did not expose this metric,0.0,True,clip_ratio/region_mean,128.0625,0.875,0.125,0.0,1.0,1,0.25
119,119,119,476,1904,2409,209766,0.3,0.34641016151377546,0.12,0.1875,0.75,0.75,0.75,0.1707,0.1707,0.24948884919285774,entropy,0.20946359634399414,True,7.8125e-07,,False,GRPO beta=0.0; reference-model KL is not computed,,False,reviewed TRL 0.24.0 per-update log row did not expose this metric,,False,reviewed TRL 0.24.0 per-update log row did not expose this metric,0.0,True,clip_ratio/region_mean,150.5625,0.75,0.25,0.0,1.0,2,0.5
120,120,120,480,1920,2512,212278,0.196875,0.21828074668875402,0.047646484375,0.0625,0.8125,0.625,0.5625,0.1578,0.1578,0.2715597115457058,entropy,0.3798673152923584,True,7.03125e-07,,False,GRPO beta=0.0; reference-model KL is not computed,,False,reviewed TRL 0.24.0 per-update log row did not expose this metric,,False,reviewed TRL 0.24.0 per-update log row did not expose this metric,0.0,True,clip_ratio/region_mean,157.0,0.875,0.125,0.0,1.0,1,0.25
121,121,121,484,1936,2152,214430,0.26875,0.2816663584810937,0.0793359375,0.125,0.8125,0.8125,0.6875,0.0312,0.0312,0.23155323415994644,entropy,1.0273945331573486,True,6.25e-07,,False,GRPO beta=0.0; reference-model KL is not computed,,False,reviewed TRL 0.24.0 per-update log row did not expose this metric,,False,reviewed TRL 0.24.0 per-update log row did not expose this metric,0.0,True,clip_ratio/region_mean,134.5,0.9375,0.0625,0.0,1.0,1,0.25
122,122,122,488,1952,2070,216500,0.26875,0.28442650632456884,0.0808984375,0.125,0.875,0.8125,0.8125,0.0885,0.0885,0.3271866887807846,entropy,0.3788670003414154,True,5.468750000000001e-07,,False,GRPO beta=0.0; reference-model KL is not computed,,False,reviewed TRL 0.24.0 per-update log row did not expose this metric,,False,reviewed TRL 0.24.0 per-update log row did not expose this metric,0.0,True,clip_ratio/region_mean,129.375,0.9375,0.0625,0.0,1.0,1,0.25
123,123,123,492,1968,2885,219385,0.23750000000000002,0.3018174116912409,0.09109375,0.125,0.6875,0.6875,0.6875,0.1746,0.1746,0.26843348145484924,entropy,0.21339134871959686,True,4.6875000000000006e-07,,False,GRPO beta=0.0; reference-model KL is not computed,,False,reviewed TRL 0.24.0 per-update log row did not expose this metric,,False,reviewed TRL 0.24.0 per-update log row did not expose this metric,0.0,True,clip_ratio/region_mean,180.3125,0.6875,0.3125,0.0,1.0,1,0.25
124,124,124,496,1984,1941,221326,0.5875,0.4151430476353904,0.17234375,0.5,0.9375,0.9375,0.9375,-0.0152,-0.0152,0.23706971108913422,entropy,0.2929426431655884,True,3.90625e-07,,False,GRPO beta=0.0; reference-model KL is not computed,,False,reviewed TRL 0.24.0 per-update log row did not expose this metric,,False,reviewed TRL 0.24.0 per-update log row did not expose this metric,0.0,True,clip_ratio/region_mean,121.3125,1.0,0.0,0.0,1.0,3,0.75
125,125,125,500,2000,2506,223832,0.24375,0.2973187473066574,0.0883984375,0.125,0.625,0.75,0.625,-0.0028,-0.0028,0.27199219167232513,entropy,0.24889737367630005,True,3.125e-07,,False,GRPO beta=0.0; reference-model KL is not computed,,False,reviewed TRL 0.24.0 per-update log row did not expose this metric,,False,reviewed TRL 0.24.0 per-update log row did not expose this metric,0.0,True,clip_ratio/region_mean,156.625,0.75,0.25,0.0,1.0,2,0.5
126,126,126,504,2016,2648,226480,0.17500000000000002,0.22980970388562794,0.0528125,0.0625,0.625,0.5625,0.5625,0.0685,0.0685,0.29645494371652603,entropy,0.2140767127275467,True,2.3437500000000003e-07,,False,GRPO beta=0.0; reference-model KL is not computed,,False,reviewed TRL 0.24.0 per-update log row did not expose this metric,,False,reviewed TRL 0.24.0 per-update log row did not expose this metric,0.0,True,clip_ratio/region_mean,165.5,0.875,0.125,0.0,1.0,1,0.25
127,127,127,508,2032,1800,228280,0.5375,0.41060169264142105,0.16859375,0.4375,0.9375,0.9375,0.9375,0.128,0.128,0.2778548561036587,entropy,0.7338264584541321,True,1.5625e-07,,False,GRPO beta=0.0; reference-model KL is not computed,,False,reviewed TRL 0.24.0 per-update log row did not expose this metric,,False,reviewed TRL 0.24.0 per-update log row did not expose this metric,0.0,True,clip_ratio/region_mean,112.5,0.9375,0.0625,0.0,1.0,0,0.0
128,128,128,512,2048,2395,230675,0.4,0.41231056256176607,0.16999999999999998,0.3125,0.75,0.75,0.75,-0.0129,-0.0129,0.29213695228099823,entropy,0.2501632571220398,True,7.8125e-08,,False,GRPO beta=0.0; reference-model KL is not computed,,False,reviewed TRL 0.24.0 per-update log row did not expose this metric,,False,reviewed TRL 0.24.0 per-update log row did not expose this metric,0.0,True,clip_ratio/region_mean,149.6875,0.8125,0.1875,0.0,1.0,1,0.25
