algorithm,seed,run_id,update,training_tokens,reward_mean,canonical_pass_rate,format_accuracy,parseable_rate,native_entropy,native_entropy_comparable_across_algorithms,truncation_rate
ppo,42,ppo_formal_1p5b_seed42_composite_20260720T020928Z,1,1588.0,0.215625,0.125,0.5625,0.5625,1.1066670417785645,False,0.0
ppo,42,ppo_formal_1p5b_seed42_composite_20260720T020928Z,2,3308.0,0.07187500000000001,0.0,0.25,0.25,1.0901492834091187,False,0.0
ppo,42,ppo_formal_1p5b_seed42_composite_20260720T020928Z,3,4815.0,0.34375,0.25,0.625,0.625,1.913795828819275,False,0.0625
ppo,42,ppo_formal_1p5b_seed42_composite_20260720T020928Z,4,6319.0,0.509375,0.4375,0.75,0.75,1.4370014667510986,False,0.0
ppo,42,ppo_formal_1p5b_seed42_composite_20260720T020928Z,5,7785.0,0.275,0.1875,0.625,0.625,1.411299705505371,False,0.0625
ppo,42,ppo_formal_1p5b_seed42_composite_20260720T020928Z,6,9195.0,0.1125,0.0625,0.25,0.1875,1.1008899211883545,False,0.0
ppo,42,ppo_formal_1p5b_seed42_composite_20260720T020928Z,7,11183.0,0.14375,0.125,0.25,0.1875,0.9692543745040894,False,0.125
ppo,42,ppo_formal_1p5b_seed42_composite_20260720T020928Z,8,13468.0,0.2125,0.1875,0.25,0.1875,1.0960034132003784,False,0.125
ppo,42,ppo_formal_1p5b_seed42_composite_20260720T020928Z,9,15003.0,0.07500000000000001,0.0,0.5,0.25,1.712127685546875,False,0.0
ppo,42,ppo_formal_1p5b_seed42_composite_20260720T020928Z,10,16255.0,0.29375,0.25,0.375,0.375,1.679436206817627,False,0.0
ppo,42,ppo_formal_1p5b_seed42_composite_20260720T020928Z,11,17955.0,0.20625000000000002,0.125,0.5625,0.5,1.1392314434051514,False,0.0625
ppo,42,ppo_formal_1p5b_seed42_composite_20260720T020928Z,12,18966.0,0.425,0.375,0.4375,0.4375,1.3057937622070312,False,0.0
ppo,42,ppo_formal_1p5b_seed42_composite_20260720T020928Z,13,20765.0,0.165625,0.0625,0.5625,0.5,1.8727107048034668,False,0.125
ppo,42,ppo_formal_1p5b_seed42_composite_20260720T020928Z,14,22194.0,0.234375,0.125,0.5625,0.5625,1.5606846809387207,False,0.0
ppo,42,ppo_formal_1p5b_seed42_composite_20260720T020928Z,15,23873.0,0.125,0.0625,0.3125,0.3125,1.4221101999282837,False,0.0625
ppo,42,ppo_formal_1p5b_seed42_composite_20260720T020928Z,16,25216.0,0.084375,0.0,0.375,0.375,1.6897468566894531,False,0.0
ppo,42,ppo_formal_1p5b_seed42_composite_20260720T020928Z,17,26982.0,0.153125,0.0625,0.5625,0.25,1.2994519472122192,False,0.0
ppo,42,ppo_formal_1p5b_seed42_composite_20260720T020928Z,18,28797.0,0.325,0.3125,0.375,0.375,1.1655958890914917,False,0.0
ppo,42,ppo_formal_1p5b_seed42_composite_20260720T020928Z,19,31021.0,0.1875,0.0625,0.75,0.4375,0.740808367729187,False,0.0
ppo,42,ppo_formal_1p5b_seed42_composite_20260720T020928Z,20,32394.0,0.2125,0.1875,0.3125,0.3125,1.209712028503418,False,0.0
ppo,42,ppo_formal_1p5b_seed42_composite_20260720T020928Z,21,34020.0,0.21875,0.1875,0.3125,0.25,1.9367715120315552,False,0.0625
ppo,42,ppo_formal_1p5b_seed42_composite_20260720T020928Z,22,35631.0,0.390625,0.3125,0.6875,0.625,1.182227373123169,False,0.0
ppo,42,ppo_formal_1p5b_seed42_composite_20260720T020928Z,23,37547.0,0.228125,0.1875,0.375,0.3125,0.9657084345817566,False,0.0
ppo,42,ppo_formal_1p5b_seed42_composite_20260720T020928Z,24,39158.0,0.328125,0.25,0.5,0.5,0.7186977863311768,False,0.0
ppo,42,ppo_formal_1p5b_seed42_composite_20260720T020928Z,25,40826.0,0.15,0.0625,0.5,0.5,1.2243967056274414,False,0.0
ppo,42,ppo_formal_1p5b_seed42_composite_20260720T020928Z,26,42128.0,0.275,0.25,0.375,0.375,1.0428962707519531,False,0.0
ppo,42,ppo_formal_1p5b_seed42_composite_20260720T020928Z,27,43501.0,0.4625,0.375,0.8125,0.8125,0.9998006820678711,False,0.0
ppo,42,ppo_formal_1p5b_seed42_composite_20260720T020928Z,28,44850.0,0.15625,0.0625,0.5625,0.375,1.0539782047271729,False,0.0
ppo,42,ppo_formal_1p5b_seed42_composite_20260720T020928Z,29,46294.0,0.21875,0.125,0.5,0.5,1.2384920120239258,False,0.0
ppo,42,ppo_formal_1p5b_seed42_composite_20260720T020928Z,30,48447.0,0.29375,0.25,0.5625,0.375,1.1374833583831787,False,0.125
ppo,42,ppo_formal_1p5b_seed42_composite_20260720T020928Z,31,49805.0,0.328125,0.25,0.625,0.5625,0.7774076461791992,False,0.0
ppo,42,ppo_formal_1p5b_seed42_composite_20260720T020928Z,32,51369.0,0.146875,0.0625,0.5,0.375,1.775935173034668,False,0.0625
ppo,123,ppo_formal_1p5b_seed123_20260720T043732Z,1,1567.0,0.08750000000000001,0.0,0.375,0.3125,1.6049563884735107,False,0.0
ppo,123,ppo_formal_1p5b_seed123_20260720T043732Z,2,3497.0,0.121875,0.0625,0.3125,0.3125,1.2331876754760742,False,0.0
ppo,123,ppo_formal_1p5b_seed123_20260720T043732Z,3,5003.0,0.29375,0.1875,0.625,0.625,1.07209312915802,False,0.0
ppo,123,ppo_formal_1p5b_seed123_20260720T043732Z,4,6651.0,0.503125,0.4375,0.75,0.75,0.9594550132751465,False,0.0
ppo,123,ppo_formal_1p5b_seed123_20260720T043732Z,5,8398.0,0.21875,0.125,0.625,0.5625,1.1706105470657349,False,0.0
ppo,123,ppo_formal_1p5b_seed123_20260720T043732Z,6,9692.0,0.021875,0.0,0.0625,0.0625,0.8845022916793823,False,0.0
ppo,123,ppo_formal_1p5b_seed123_20260720T043732Z,7,11811.0,0.090625,0.0625,0.1875,0.125,0.9320453405380249,False,0.125
ppo,123,ppo_formal_1p5b_seed123_20260720T043732Z,8,14406.0,0.225,0.125,0.6875,0.5625,1.0158368349075317,False,0.25
ppo,123,ppo_formal_1p5b_seed123_20260720T043732Z,9,15569.0,0.09062500000000001,0.0,0.5625,0.3125,1.0939548015594482,False,0.0
ppo,123,ppo_formal_1p5b_seed123_20260720T043732Z,10,16708.0,0.475,0.4375,0.625,0.625,1.4868366718292236,False,0.0
ppo,123,ppo_formal_1p5b_seed123_20260720T043732Z,11,18543.0,0.09375,0.0,0.3125,0.25,0.6914575099945068,False,0.0
ppo,123,ppo_formal_1p5b_seed123_20260720T043732Z,12,19571.0,0.16875,0.125,0.25,0.25,0.9899740219116211,False,0.0
ppo,123,ppo_formal_1p5b_seed123_20260720T043732Z,13,21365.0,0.19375,0.125,0.375,0.375,1.5916228294372559,False,0.125
ppo,123,ppo_formal_1p5b_seed123_20260720T043732Z,14,22914.0,0.140625,0.0625,0.4375,0.375,1.2889341115951538,False,0.125
ppo,123,ppo_formal_1p5b_seed123_20260720T043732Z,15,24803.0,0.07500000000000001,0.0,0.375,0.375,1.4596455097198486,False,0.125
ppo,123,ppo_formal_1p5b_seed123_20260720T043732Z,16,26236.0,0.178125,0.125,0.25,0.25,1.2442700862884521,False,0.0
ppo,123,ppo_formal_1p5b_seed123_20260720T043732Z,17,28219.0,0.13125,0.0625,0.5,0.3125,0.8985558152198792,False,0.125
ppo,123,ppo_formal_1p5b_seed123_20260720T043732Z,18,29864.0,0.109375,0.0625,0.25,0.25,1.0865641832351685,False,0.0
ppo,123,ppo_formal_1p5b_seed123_20260720T043732Z,19,32157.0,0.121875,0.0625,0.3125,0.25,0.6408763527870178,False,0.0625
ppo,123,ppo_formal_1p5b_seed123_20260720T043732Z,20,33288.0,0.2125,0.1875,0.3125,0.3125,1.2364110946655273,False,0.0
ppo,123,ppo_formal_1p5b_seed123_20260720T043732Z,21,35100.0,0.196875,0.1875,0.25,0.1875,1.1743886470794678,False,0.0625
ppo,123,ppo_formal_1p5b_seed123_20260720T043732Z,22,36684.0,0.528125,0.4375,0.875,0.8125,1.059533953666687,False,0.0
ppo,123,ppo_formal_1p5b_seed123_20260720T043732Z,23,38818.0,0.159375,0.125,0.25,0.25,0.9280146360397339,False,0.0625
ppo,123,ppo_formal_1p5b_seed123_20260720T043732Z,24,40290.0,0.33125,0.25,0.5625,0.5625,0.7458292841911316,False,0.0
ppo,123,ppo_formal_1p5b_seed123_20260720T043732Z,25,41845.0,0.2,0.125,0.5,0.5,1.3689475059509277,False,0.0
ppo,123,ppo_formal_1p5b_seed123_20260720T043732Z,26,42944.0,0.3125,0.3125,0.3125,0.3125,1.08315908908844,False,0.0
ppo,123,ppo_formal_1p5b_seed123_20260720T043732Z,27,44545.0,0.321875,0.25,0.5625,0.5625,1.0269768238067627,False,0.0625
ppo,123,ppo_formal_1p5b_seed123_20260720T043732Z,28,45894.0,0.246875,0.1875,0.5,0.375,1.4044466018676758,False,0.0
ppo,123,ppo_formal_1p5b_seed123_20260720T043732Z,29,47549.0,0.25625,0.125,0.6875,0.6875,1.494619607925415,False,0.0625
ppo,123,ppo_formal_1p5b_seed123_20260720T043732Z,30,49220.0,0.225,0.1875,0.375,0.375,1.0530235767364502,False,0.0
ppo,123,ppo_formal_1p5b_seed123_20260720T043732Z,31,50507.0,0.3875,0.3125,0.75,0.625,0.9318774938583374,False,0.0
ppo,123,ppo_formal_1p5b_seed123_20260720T043732Z,32,51969.0,0.196875,0.125,0.5,0.375,1.2611528635025024,False,0.0
grpo,42,grpo_formal_1p5b_seed42_20260720T031006Z,1,1537.0,0.19062500000000002,0.125,0.4375,0.4375,0.2822854444384575,False,0.0
grpo,42,grpo_formal_1p5b_seed42_20260720T031006Z,2,3141.0,0.11875,0.0625,0.25,0.25,0.29175449907779694,False,0.0
grpo,42,grpo_formal_1p5b_seed42_20260720T031006Z,3,4763.0,0.328125,0.25,0.625,0.5625,0.26220760121941566,False,0.0625
grpo,42,grpo_formal_1p5b_seed42_20260720T031006Z,4,6401.0,0.375,0.3125,0.5625,0.5625,0.3248148038983345,False,0.0
grpo,42,grpo_formal_1p5b_seed42_20260720T031006Z,5,8039.0,0.196875,0.125,0.5,0.375,0.33804572746157646,False,0.0625
grpo,42,grpo_formal_1p5b_seed42_20260720T031006Z,6,10170.0,0.06875,0.0625,0.125,0.0625,0.2760927751660347,False,0.3125
grpo,42,grpo_formal_1p5b_seed42_20260720T031006Z,7,12505.0,0.171875,0.125,0.375,0.25,0.2695411220192909,False,0.1875
grpo,42,grpo_formal_1p5b_seed42_20260720T031006Z,8,14333.0,0.14375,0.0625,0.4375,0.3125,0.3315870016813278,False,0.125
grpo,42,grpo_formal_1p5b_seed42_20260720T031006Z,9,15806.0,0.09062500000000001,0.0,0.5,0.3125,0.31877344846725464,False,0.0625
grpo,42,grpo_formal_1p5b_seed42_20260720T031006Z,10,16941.0,0.365625,0.3125,0.4375,0.4375,0.2386881597340107,False,0.0625
grpo,42,grpo_formal_1p5b_seed42_20260720T031006Z,11,18663.0,0.296875,0.1875,0.75,0.625,0.2728268578648567,False,0.0
grpo,42,grpo_formal_1p5b_seed42_20260720T031006Z,12,19683.0,0.390625,0.3125,0.5625,0.5625,0.25604530051350594,False,0.0
grpo,42,grpo_formal_1p5b_seed42_20260720T031006Z,13,21462.0,0.34375,0.25,0.75,0.6875,0.3531080335378647,False,0.0625
grpo,42,grpo_formal_1p5b_seed42_20260720T031006Z,14,22830.0,0.2875,0.1875,0.625,0.5625,0.2226969376206398,False,0.0
grpo,42,grpo_formal_1p5b_seed42_20260720T031006Z,15,24522.0,0.125,0.0625,0.1875,0.1875,0.364780068397522,False,0.0625
grpo,42,grpo_formal_1p5b_seed42_20260720T031006Z,16,26205.0,0.30625,0.1875,0.6875,0.6875,0.3067150339484215,False,0.0
grpo,42,grpo_formal_1p5b_seed42_20260720T031006Z,17,27602.0,0.11875000000000001,0.0,0.6875,0.3125,0.347715612500906,False,0.0
grpo,42,grpo_formal_1p5b_seed42_20260720T031006Z,18,28971.0,0.075,0.0,0.3125,0.3125,0.3147662915289402,False,0.0
grpo,42,grpo_formal_1p5b_seed42_20260720T031006Z,19,30947.0,0.065625,0.0,0.375,0.25,0.32270050048828125,False,0.0
grpo,42,grpo_formal_1p5b_seed42_20260720T031006Z,20,32039.0,0.3875,0.375,0.4375,0.4375,0.19548098370432854,False,0.0
grpo,42,grpo_formal_1p5b_seed42_20260720T031006Z,21,33434.0,0.225,0.125,0.5625,0.5625,0.3070858046412468,False,0.0
grpo,42,grpo_formal_1p5b_seed42_20260720T031006Z,22,35084.0,0.440625,0.3125,0.8125,0.8125,0.29140055924654007,False,0.0
grpo,42,grpo_formal_1p5b_seed42_20260720T031006Z,23,37013.0,0.140625,0.0625,0.375,0.25,0.23517557233572006,False,0.0
grpo,42,grpo_formal_1p5b_seed42_20260720T031006Z,24,38454.0,0.3125,0.25,0.5625,0.5625,0.22683687135577202,False,0.0
grpo,42,grpo_formal_1p5b_seed42_20260720T031006Z,25,40113.0,0.259375,0.1875,0.5,0.5,0.26264265552163124,False,0.0
grpo,42,grpo_formal_1p5b_seed42_20260720T031006Z,26,41483.0,0.39375,0.3125,0.8125,0.625,0.2581530250608921,False,0.0
grpo,42,grpo_formal_1p5b_seed42_20260720T031006Z,27,42902.0,0.5,0.4375,0.75,0.75,0.24271098896861076,False,0.0
grpo,42,grpo_formal_1p5b_seed42_20260720T031006Z,28,44088.0,0.29375,0.25,0.5625,0.375,0.2859594561159611,False,0.0
grpo,42,grpo_formal_1p5b_seed42_20260720T031006Z,29,45796.0,0.325,0.1875,0.6875,0.6875,0.28697024285793304,False,0.0
grpo,42,grpo_formal_1p5b_seed42_20260720T031006Z,30,47551.0,0.36875,0.3125,0.6875,0.5,0.23293489962816238,False,0.0
grpo,42,grpo_formal_1p5b_seed42_20260720T031006Z,31,48996.0,0.51875,0.4375,0.9375,0.75,0.2241721823811531,False,0.0
grpo,42,grpo_formal_1p5b_seed42_20260720T031006Z,32,50773.0,0.325,0.25,0.625,0.4375,0.2612311393022537,False,0.0
grpo,123,grpo_formal_1p5b_seed123_20260720T035927Z,1,1803.0,0.196875,0.125,0.4375,0.4375,0.2863875888288021,False,0.0
grpo,123,grpo_formal_1p5b_seed123_20260720T035927Z,2,3323.0,0.03125,0.0,0.0625,0.0625,0.2730042263865471,False,0.0
grpo,123,grpo_formal_1p5b_seed123_20260720T035927Z,3,4866.0,0.26875,0.125,0.6875,0.625,0.26277900487184525,False,0.0
grpo,123,grpo_formal_1p5b_seed123_20260720T035927Z,4,6514.0,0.553125,0.5,0.75,0.6875,0.26915353909134865,False,0.0
grpo,123,grpo_formal_1p5b_seed123_20260720T035927Z,5,7899.0,0.17500000000000002,0.0625,0.625,0.4375,0.32875820621848106,False,0.0
grpo,123,grpo_formal_1p5b_seed123_20260720T035927Z,6,9340.0,0.103125,0.0625,0.1875,0.1875,0.33677680790424347,False,0.0625
grpo,123,grpo_formal_1p5b_seed123_20260720T035927Z,7,11829.0,0.1375,0.0625,0.375,0.375,0.2825857512652874,False,0.1875
grpo,123,grpo_formal_1p5b_seed123_20260720T035927Z,8,13915.0,0.246875,0.1875,0.5,0.375,0.2893577739596367,False,0.0625
grpo,123,grpo_formal_1p5b_seed123_20260720T035927Z,9,15527.0,0.08750000000000001,0.0,0.375,0.3125,0.27643291652202606,False,0.0625
grpo,123,grpo_formal_1p5b_seed123_20260720T035927Z,10,16724.0,0.396875,0.375,0.4375,0.4375,0.25652533769607544,False,0.0
grpo,123,grpo_formal_1p5b_seed123_20260720T035927Z,11,18323.0,0.109375,0.0,0.5,0.5,0.3301035761833191,False,0.0
grpo,123,grpo_formal_1p5b_seed123_20260720T035927Z,12,19557.0,0.15937500000000002,0.0625,0.5,0.5,0.22860843315720558,False,0.0
grpo,123,grpo_formal_1p5b_seed123_20260720T035927Z,13,21137.0,0.14375,0.0625,0.375,0.375,0.30761246383190155,False,0.0
grpo,123,grpo_formal_1p5b_seed123_20260720T035927Z,14,22387.0,0.23125,0.125,0.75,0.5625,0.22233255580067635,False,0.0
grpo,123,grpo_formal_1p5b_seed123_20260720T035927Z,15,24293.0,0.05625,0.0,0.1875,0.1875,0.3250541016459465,False,0.125
grpo,123,grpo_formal_1p5b_seed123_20260720T035927Z,16,25800.0,0.08125,0.0,0.3125,0.3125,0.3040900006890297,False,0.0
grpo,123,grpo_formal_1p5b_seed123_20260720T035927Z,17,27617.0,0.12812500000000002,0.0,0.6875,0.3125,0.25951163470745087,False,0.0625
grpo,123,grpo_formal_1p5b_seed123_20260720T035927Z,18,29173.0,0.1875,0.125,0.375,0.375,0.28170688450336456,False,0.0
grpo,123,grpo_formal_1p5b_seed123_20260720T035927Z,19,31261.0,0.078125,0.0,0.5,0.1875,0.2973209246993065,False,0.125
grpo,123,grpo_formal_1p5b_seed123_20260720T035927Z,20,32557.0,0.271875,0.25,0.3125,0.3125,0.20227176696062088,False,0.0
grpo,123,grpo_formal_1p5b_seed123_20260720T035927Z,21,34081.0,0.246875,0.1875,0.3125,0.3125,0.2871648594737053,False,0.0
grpo,123,grpo_formal_1p5b_seed123_20260720T035927Z,22,35827.0,0.4375,0.3125,0.9375,0.9375,0.32109954208135605,False,0.0
grpo,123,grpo_formal_1p5b_seed123_20260720T035927Z,23,37787.0,0.2,0.1875,0.25,0.25,0.19828621670603752,False,0.0
grpo,123,grpo_formal_1p5b_seed123_20260720T035927Z,24,39292.0,0.334375,0.25,0.625,0.625,0.21717149764299393,False,0.0
grpo,123,grpo_formal_1p5b_seed123_20260720T035927Z,25,40984.0,0.1375,0.0625,0.4375,0.4375,0.2469605803489685,False,0.0625
grpo,123,grpo_formal_1p5b_seed123_20260720T035927Z,26,42395.0,0.53125,0.5,0.75,0.5625,0.2599433697760105,False,0.0
grpo,123,grpo_formal_1p5b_seed123_20260720T035927Z,27,44016.0,0.371875,0.25,0.8125,0.8125,0.22288193553686142,False,0.0
grpo,123,grpo_formal_1p5b_seed123_20260720T035927Z,28,45412.0,0.240625,0.1875,0.5,0.3125,0.22511258348822594,False,0.0
grpo,123,grpo_formal_1p5b_seed123_20260720T035927Z,29,47057.0,0.528125,0.4375,0.875,0.8125,0.24909143149852753,False,0.0
grpo,123,grpo_formal_1p5b_seed123_20260720T035927Z,30,49351.0,0.2375,0.1875,0.5625,0.3125,0.1864471361041069,False,0.1875
grpo,123,grpo_formal_1p5b_seed123_20260720T035927Z,31,50597.0,0.509375,0.4375,0.8125,0.6875,0.20018184930086136,False,0.0
grpo,123,grpo_formal_1p5b_seed123_20260720T035927Z,32,52284.0,0.396875,0.3125,0.6875,0.5,0.24426964670419693,False,0.0
