source_path,item_type,scientific_purpose,byte_size,sha256,sha_kind,contains_adapter,contains_optimizer_scheduler_rng,contains_completion_text_or_trusted_gold,preservation_target,upload_status,download_verification_status,exclusion_reason,notes
/root/autodl-tmp/code-rlvr,git_repository,"Source, configs, manifests, reports and public portfolio",58954911,11fb7caf60ba409676af87524633c63a8532bdd4,git_commit,False,False,False,Git + GitHub main/improve/tag,preserved_on_github,pending_fresh_clone,,
docs/INTERVIEW_200_QA_ZH.md,documentation,200-question Chinese interview preparation,40069,e633ea0a682f8e02cd0de8a57927c01d33638f6f16c43b5348f2baba3afeb8a3,file_sha256,False,False,False,Git + GitHub patch release,pending_commit_and_push,pending,,
/root/autodl-tmp/runs/math_rlvr/grpo_formal_1p5b_seed42_20260720T031006Z/checkpoint-32,checkpoint_directory,Exact old GRPO-v1 evaluated checkpoint,54723649,c0c1a3dc04b28d8d42463009b728b3ffd144e677c35e5d3ace2749fc925fa65a,checkpoint_artifact_manifest_sha256,True,True,True,GitHub Release adapter-only bundle + public evidence bundle; full resume state requires private backup,public_subset_bundle_built_not_uploaded,pending,,current tree files=11; tree_inventory_sha256=344ae67ff3ce11c4a9e58e4f52a1fe84fe2e93f70f3745ba05768d0117b39f9a
/root/autodl-tmp/runs/math_rlvr/warmstart_grpo_v2_seed42_20260722T051218Z/checkpoint-16,checkpoint_directory,Exact warm-start-only evaluated checkpoint,52547960,507749d393f38690915a76228b4c53a8b5c8927d40aada9f2768a90334d892f0,checkpoint_artifact_identity_sha256,True,True,False,GitHub Release adapter-only bundle + public evidence bundle; full resume state requires private backup,public_subset_bundle_built_not_uploaded,pending,,current tree files=10; tree_inventory_sha256=00cbdf4039420e7ea8f269c8c43a72c86199a5bdbe22080928d07924a521fc11
/root/autodl-tmp/runs/math_rlvr/grpo_v2_seed42_20260726T044303Z/checkpoint-96,checkpoint_directory,Exact selected GRPO-v2 evaluated checkpoint,59112589,73bb15a32911f490216be2a80eb0d112be0f79236a6d461fd81fbd0579639246,checkpoint_artifact_manifest_sha256,True,True,True,GitHub Release adapter-only bundle + public evidence bundle; full resume state requires private backup,public_subset_bundle_built_not_uploaded,pending,,current tree files=11; tree_inventory_sha256=89e5839944198b58fb96157e7f6b69b07df0c8f391819ae626c5ec119e37d82e
/root/autodl-tmp/runs/math_rlvr/grpo_v2_seed42_20260726T044303Z,run_directory,GRPO-v2 scientific training and dev primary evidence,243711822,52ccac92e175fb380f54fd8ec18a25b148290574ed3d81f1fe4790ae012ddfcb,verified_backup_sha256,True,True,True,GitHub Release adapter-only bundle + public evidence bundle; full resume state requires private backup,public_subset_bundle_built_not_uploaded,pending,,current tree files=66; tree_inventory_sha256=cd4002362afe0bf3c8aa26ebb15c9c8fa55bdb97fb914f317a64e14c48607e30
/root/autodl-tmp/runs/math_rlvr/base_hidden_grpo_v2_seed42_20260728T073339Z,run_directory,Base hidden primary evidence and failure history,4622181,532ac2854ade3374c3725410f509f6092e2508453fbd68522cf1b85c9660e215,failure_backup_sha256,False,False,True,GitHub Release public evidence bundle,public_subset_bundle_built_not_uploaded,pending,,current tree files=17; tree_inventory_sha256=2c5684022f3a3e0ae7f0b047f0a13e395ffd187b1eb29188a77b8408cacfea58
/root/autodl-tmp/runs/math_rlvr/old_grpo_v1_hidden_grpo_v2_seed42_20260728T083153Z,run_directory,Old GRPO-v1 hidden primary evidence,6951837,7b29b77362c39f16a04bd960025024bb70b4f63831732066b49e8e833d7f2bc7,verified_backup_sha256,False,False,True,GitHub Release public evidence bundle,public_subset_bundle_built_not_uploaded,pending,,current tree files=28; tree_inventory_sha256=4f2acbc71bcf670e67368443bc95f0086d67c9cf6e5eba23313aa9124dd81d4d
/root/autodl-tmp/runs/math_rlvr/warmstart_only_hidden_grpo_v2_seed42_20260728T083153Z,run_directory,Warm-start hidden primary evidence,6950067,914d5e941e1db8f707efcac72c6699a72feaea958ca372fea1fa01460d603d7d,verified_backup_sha256,False,False,True,GitHub Release public evidence bundle,public_subset_bundle_built_not_uploaded,pending,,current tree files=28; tree_inventory_sha256=19caa4d344c05323abdae0f6cb4dd383aa8d75fe9051f8e9200c30d29b6802fe
/root/autodl-tmp/runs/math_rlvr/selected_grpo_v2_hidden_grpo_v2_seed42_20260728T083153Z,run_directory,Selected GRPO-v2 hidden primary evidence,6940598,b693799df4a6af36c4c8f6c20b695052f553c42349905139796131555b7c6ebc,verified_backup_sha256,False,False,True,GitHub Release public evidence bundle,public_subset_bundle_built_not_uploaded,pending,,current tree files=28; tree_inventory_sha256=b8748a9fd60c84d259aa468d1e650f9d1c0d12f442ee8eef4bc751d313deeca2
reports/grpo_v2/hidden_test_final,git_safe_directory,"Four-model aggregate, statistics, errors and figure sources",728480,b196165b0fbc2f8caad4fe26c37c74fc5155c5438c6de69aa92dc8fd0cec320a,canonical_tree_inventory_sha256,False,False,True,Git + GitHub Release evidence/reproducibility bundle,git_preserved_release_bundle_pending,pending,,files=56
reports/formal_1p5b,git_safe_directory,Portfolio-v1 formal evidence and reports,13893042,468afc99b813944d9d958a7f2af534b7ecb6720866327c040e9deadf413e5d46,canonical_tree_inventory_sha256,False,False,True,Git + GitHub Release evidence/reproducibility bundle,git_preserved_release_bundle_pending,pending,,files=235
reports/pilot_0p5b,git_safe_directory,Matched 0.5B pilot evidence,481061,1aa47765390f1cab5488be72e7008da521c893f18b8ddb860a797618404d4679,canonical_tree_inventory_sha256,False,False,True,Git + GitHub Release evidence/reproducibility bundle,git_preserved_release_bundle_pending,pending,,files=40
configs,git_safe_directory,Frozen configs and manifests,1257285,decfe4c3ac1185d5f7a837e7335abb8c3cc8657792a464d93b41b6341a7ad8eb,canonical_tree_inventory_sha256,False,False,False,Git + GitHub Release evidence/reproducibility bundle,git_preserved_release_bundle_pending,pending,,files=48
/root/autodl-fs/math-rlvr-backups/stage-t1-release-assets/old-grpo-v1-checkpoint-32-adapter-v0.2.1.tar.gz,release_asset_tar_gz,Exact evaluated adapter-only inference bundle,16061659,799adff43a98d991624f3719973d42337f502ea678304ade0ccc3470317047e1,file_sha256,True,False,False,GitHub Release v0.2.1-grpo-v2-archive + Windows/private download,built_locally_not_uploaded,local_extract_and_checksum_passed,,
/root/autodl-fs/math-rlvr-backups/stage-t1-release-assets/warmstart-checkpoint-16-adapter-v0.2.1.tar.gz,release_asset_tar_gz,Exact evaluated adapter-only inference bundle,15843701,be45ffd2014b7e1acf8abc56277e0a7a57e1a03e3c5dcdc83205a6cc06256122,file_sha256,True,False,False,GitHub Release v0.2.1-grpo-v2-archive + Windows/private download,built_locally_not_uploaded,local_extract_and_checksum_passed,,
/root/autodl-fs/math-rlvr-backups/stage-t1-release-assets/selected-grpo-v2-checkpoint-96-adapter-v0.2.1.tar.gz,release_asset_tar_gz,Exact evaluated adapter-only inference bundle,16090414,c9690ab2f4190a12568ad63cc75881b4cdaf8cb12575301c5f29e5e0a93c3ce5,file_sha256,True,False,False,GitHub Release v0.2.1-grpo-v2-archive + Windows/private download,built_locally_not_uploaded,local_extract_and_checksum_passed,,
/root/autodl-fs/math-rlvr-backups/stage-t1-release-assets/grpo-v2-training-evidence-v0.2.1.tar.gz,release_asset_tar_gz,Public disaster-recovery evidence/reproducibility bundle,2103748,5cc622ea90a63a386c27d30bc4378456be168c72aa2614af5f6c266d8076f74b,file_sha256,False,False,True,GitHub Release v0.2.1-grpo-v2-archive + Windows/private download,built_locally_not_uploaded,local_extract_and_checksum_passed,,
/root/autodl-fs/math-rlvr-backups/stage-t1-release-assets/four-model-hidden-evidence-v0.2.1.tar.gz,release_asset_tar_gz,Public disaster-recovery evidence/reproducibility bundle,3368730,dd4a89701ba037b8d4d130e72049a756138b7128385d28de255994a698d697e2,file_sha256,False,False,True,GitHub Release v0.2.1-grpo-v2-archive + Windows/private download,built_locally_not_uploaded,local_extract_and_checksum_passed,,
/root/autodl-fs/math-rlvr-backups/stage-t1-release-assets/portfolio-v1-evidence-v0.2.1.tar.gz,release_asset_tar_gz,Public disaster-recovery evidence/reproducibility bundle,8229078,78cb18670b1fa1345c6b78d63f7251aac854ba4ccaaca2de57f5f935447b9b69,file_sha256,False,False,True,GitHub Release v0.2.1-grpo-v2-archive + Windows/private download,built_locally_not_uploaded,local_extract_and_checksum_passed,,
/root/autodl-fs/math-rlvr-backups/stage-t1-release-assets/reproducibility-v0.2.1.tar.gz,release_asset_tar_gz,Public disaster-recovery evidence/reproducibility bundle,775367,0888a070ee8206d387249485fb3af30709474d1cd1427f0f90f6a6782b9cf52b,file_sha256,False,False,False,GitHub Release v0.2.1-grpo-v2-archive + Windows/private download,built_locally_not_uploaded,local_extract_and_checksum_passed,,
/root/autodl-tmp/cache/huggingface,excluded_cache,Public pinned Qwen base snapshot cache,,989aa7980e4cf806f80c7fef2b1adb7bc71aa306,public_revision_identity,False,False,False,Rebuild from public model revision,excluded,not_applicable,Base-model/Hugging Face cache is large and must not be uploaded,
GRPO-v2 full optimizer/scheduler/RNG checkpoints,excluded_private_resume_state,Exact training resume capability,,,see_checkpoint_inventories,False,False,False,Windows/private persistent storage if exact resume is desired,not_publicly_uploaded,not_verified_off_server,Not required for inference; large training state intentionally excluded from public Release,
Conda/Python environment binary tree,excluded_environment,Runtime environment,,,reconstructed_from_versions,False,False,False,Rebuild from requirements and environment_versions.json,excluded,not_applicable,"Complete environment is large, nonportable and prohibited",
Credentials/.env/auth/token/proxy/Codex auth,excluded_secret,Authentication only; no scientific purpose,,,not_recorded,False,False,False,Never archive in project assets,excluded,not_applicable,Secrets must never enter Git or Release assets,
