completion_index,problem_id,exact_token_count,at_128_token_cap,primary_class,categories,reasoning_open,reasoning_close,answer_open,answer_close,parser_status,verifier_status,failure_reason,raw_completion
0,countdown:train:0,89,False,missing_reasoning_open,missing_reasoning_open|missing_reasoning_close|missing_answer_open|missing_answer_close|prose_outside_envelope,0,0,0,0,format_error,format_error,each tag must appear exactly once,"The reason is that the expression \(13 - 6 \div 9\) evaluates to \(13 - \frac{6}{9} = 13 - \frac{2}{3} = \frac{39}{3} - \frac{2}{3} = \frac{37}{3}\), which is approximately 12.333, not 15/26."
1,countdown:train:0,53,False,answer_only,missing_reasoning_open|missing_reasoning_close|answer_only|prose_outside_envelope,0,0,1,1,format_error,format_error,each tag must appear exactly once,"To make 15/26, we can multiply 5 and 6 to get 30 and then add 9 and 13. That would give us <answer>30+9+13=52</answer>"
2,countdown:train:0,128,True,truncated_at_max_tokens,missing_reasoning_open|missing_reasoning_close|missing_answer_open|missing_answer_close|prose_outside_envelope|truncated_at_max_tokens,0,0,0,0,format_error,format_error,each tag must appear exactly once,"The math problem is to make 15/26 with each of [5, 9, 13, 6] exactly once. 

Using each number exactly once, one possible solution is:

5 + 6 - (13 * 9 / 5)

First, we calculate the multiplication: 13 * 9 = 117

Then, we divide by 5: 117 / 5 = 23.4

Finally, we add 5 and 6: 5 + 6 = 11

Therefore, the answer is 11."
3,countdown:train:0,24,False,answer_only,missing_reasoning_open|missing_reasoning_close|answer_only,0,0,1,1,format_error,format_error,each tag must appear exactly once,<answer>13/5 + 6 - 9 = 15/26</answer>
4,countdown:train:1,9,False,answer_only,missing_reasoning_open|missing_reasoning_close|answer_only,0,0,1,1,format_error,format_error,each tag must appear exactly once,<answer>29</answer>
5,countdown:train:1,128,True,truncated_at_max_tokens,missing_reasoning_open|missing_reasoning_close|missing_answer_open|missing_answer_close|prose_outside_envelope|truncated_at_max_tokens,0,0,0,0,format_error,format_error,each tag must appear exactly once,"To solve the expression \(-4\) using the numbers \(16\), \(4\), \(11\), and \(13\) exactly once with the operations \(+\), \(-\), \(*\), and \(/\) (which is a division operation), let's analyze the available operations.

First, let's test if we can get a negative result by using addition or subtraction first. Both \(16\) and \(4\) can be added together to get a number that can be subtracted later.

1. Try \(4 - 16 = -12\), but we have \(16\"
6,countdown:train:1,128,True,truncated_at_max_tokens,missing_reasoning_open|missing_reasoning_close|missing_answer_open|missing_answer_close|prose_outside_envelope|truncated_at_max_tokens,0,0,0,0,format_error,format_error,each tag must appear exactly once,"To solve the math problem with the expression -4, we need to make it equal to -4. The only way to achieve this is by using the operations +, -, *, and /, and the numbers 16, 4, 11, and 13 exactly once.

Let's try using the operations in a specific order:

1. First, we need to use a negative number. We can use -1 to make -4.

2. Now, we have -1, 16, 13, and 11. We need to use +, -, *, and / to make -"
7,countdown:train:1,128,True,truncated_at_max_tokens,missing_reasoning_open|missing_reasoning_close|missing_answer_open|missing_answer_close|prose_outside_envelope|truncated_at_max_tokens,0,0,0,0,format_error,format_error,each tag must appear exactly once,"To solve the math problem, we need to use the numbers 16, 4, 11, and 13 exactly once with the operations +, -, *, / to make -4. Let's consider some possible combinations:

1. Using + and -: We can try combinations like 11 - 4 + 16 = 33 (but this is not -4)
2. Using + and *: We can try 11 * 16 - 4 = 172 (but this is not -4)
3. Using + and /: We can try 1"
